"../../../Engine/Plugins/2D/Paper2D/Content/PlaceholderTextures/DummySpriteTexture.ubulk" 0
"../../../Engine/Plugins/2D/Paper2D/Content/PlaceholderTextures/DummySpriteTexture.uasset" 1
"../../../Engine/Plugins/2D/Paper2D/Content/PlaceholderTextures/DummySpriteTexture.uexp" 2
"../../../Engine/Plugins/2D/Paper2D/Content/DummySprite.uasset" 3
"../../../Engine/Plugins/2D/Paper2D/Content/DummySprite.uexp" 4
"../../../Engine/Plugins/2D/Paper2D/Content/DefaultPaperTerrainMaterial.uasset" 5
"../../../Engine/Plugins/2D/Paper2D/Content/DefaultPaperTerrainMaterial.uexp" 6
"../../../Engine/Content/EngineFonts/Faces/DroidSansFallback.uexp" 7
"../../../Engine/Content/EngineFonts/Faces/DroidSansFallback.uasset" 8
"../../../Engine/Content/EngineFonts/Faces/DroidSansFallback.ufont" 9
"../../../Engine/Content/EngineFonts/Faces/RobotoBold.uexp" 10
"../../../Engine/Content/EngineFonts/Faces/RobotoBold.uasset" 11
"../../../Engine/Content/EngineFonts/Faces/RobotoBold.ufont" 12
"../../../Engine/Content/EngineFonts/Faces/RobotoBoldItalic.uexp" 13
"../../../Engine/Content/EngineFonts/Faces/RobotoBoldItalic.uasset" 14
"../../../Engine/Content/EngineFonts/Faces/RobotoBoldItalic.ufont" 15
"../../../Engine/Content/EngineFonts/Faces/RobotoItalic.uexp" 16
"../../../Engine/Content/EngineFonts/Faces/RobotoItalic.uasset" 17
"../../../Engine/Content/EngineFonts/Faces/RobotoItalic.ufont" 18
"../../../Engine/Content/EngineFonts/Faces/RobotoLight.uexp" 19
"../../../Engine/Content/EngineFonts/Faces/RobotoLight.uasset" 20
"../../../Engine/Content/EngineFonts/Faces/RobotoLight.ufont" 21
"../../../Engine/Content/EngineFonts/Faces/RobotoRegular.uexp" 22
"../../../Engine/Content/EngineFonts/Faces/RobotoRegular.uasset" 23
"../../../Engine/Content/EngineFonts/Faces/RobotoRegular.ufont" 24
"../../../Engine/Content/EngineFonts/Roboto.uasset" 25
"../../../Engine/Content/EngineFonts/Roboto.uexp" 26
"../../../Engine/Content/EngineFonts/Faces/DroidSansMono.uexp" 27
"../../../Engine/Content/EngineFonts/Faces/DroidSansMono.uasset" 28
"../../../Engine/Content/EngineFonts/Faces/DroidSansMono.ufont" 29
"../../../Engine/Content/EngineFonts/DroidSansMono.uasset" 30
"../../../Engine/Content/EngineFonts/DroidSansMono.uexp" 31
"../../../Engine/Content/EngineSounds/Master.uasset" 32
"../../../Engine/Content/EngineSounds/Master.uexp" 33
"../../../Engine/Content/EngineMaterials/DefaultPhysicalMaterial.uasset" 34
"../../../Engine/Content/EngineMaterials/DefaultPhysicalMaterial.uexp" 35
"../../../Engine/Content/EngineMaterials/DefaultDestructiblePhysicalMaterial.uasset" 36
"../../../Engine/Content/EngineMaterials/DefaultDestructiblePhysicalMaterial.uexp" 37
"../../../Engine/Plugins/Interchange/Runtime/Content/Pipelines/DefaultTexturePipeline.uasset" 38
"../../../Engine/Plugins/Interchange/Runtime/Content/Pipelines/DefaultTexturePipeline.uexp" 39
"../../../Engine/Plugins/Interchange/Runtime/Content/Pipelines/DefaultSceneLevelPipeline.uasset" 40
"../../../Engine/Plugins/Interchange/Runtime/Content/Pipelines/DefaultSceneLevelPipeline.uexp" 41
"../../../Engine/Plugins/Interchange/Runtime/Content/Pipelines/DefaultSceneAssetsPipeline.uasset" 42
"../../../Engine/Plugins/Interchange/Runtime/Content/Pipelines/DefaultSceneAssetsPipeline.uexp" 43
"../../../Engine/Plugins/Interchange/Runtime/Content/Pipelines/DefaultMaterialXPipeline.uasset" 44
"../../../Engine/Plugins/Interchange/Runtime/Content/Pipelines/DefaultMaterialXPipeline.uexp" 45
"../../../Engine/Plugins/Interchange/Runtime/Content/Pipelines/DefaultMaterialPipeline.uasset" 46
"../../../Engine/Plugins/Interchange/Runtime/Content/Pipelines/DefaultMaterialPipeline.uexp" 47
"../../../Engine/Plugins/Interchange/Runtime/Content/Pipelines/DefaultGLTFSceneAssetsPipeline.uasset" 48
"../../../Engine/Plugins/Interchange/Runtime/Content/Pipelines/DefaultGLTFSceneAssetsPipeline.uexp" 49
"../../../Engine/Plugins/Interchange/Runtime/Content/Pipelines/DefaultGLTFPipeline.uasset" 50
"../../../Engine/Plugins/Interchange/Runtime/Content/Pipelines/DefaultGLTFPipeline.uexp" 51
"../../../Engine/Plugins/Interchange/Runtime/Content/Pipelines/DefaultGLTFAssetsPipeline.uasset" 52
"../../../Engine/Plugins/Interchange/Runtime/Content/Pipelines/DefaultGLTFAssetsPipeline.uexp" 53
"../../../Engine/Plugins/Interchange/Runtime/Content/Pipelines/DefaultAssetsPipeline.uasset" 54
"../../../Engine/Plugins/Interchange/Runtime/Content/Pipelines/DefaultAssetsPipeline.uexp" 55
"../../../Engine/Content/EngineResources/GradientTexture0.uasset" 56
"../../../Engine/Content/EngineResources/GradientTexture0.uexp" 57
"../../../Engine/Content/EngineResources/Black.uasset" 58
"../../../Engine/Content/EngineResources/Black.uexp" 59
"../../../Engine/Content/EditorResources/S_Actor.ubulk" 60
"../../../Engine/Content/EditorResources/S_Actor.uasset" 61
"../../../Engine/Content/EditorResources/S_Actor.uexp" 62
"../../../Engine/Plugins/NNE/NNEDenoiser/Content/NNEDTOM_Output_Default.uasset" 63
"../../../Engine/Plugins/NNE/NNEDenoiser/Content/NNEDTOM_Output_Default.uexp" 64
"../../../Engine/Plugins/NNE/NNEDenoiser/Content/NNEDTOM_Output_Alpha.uasset" 65
"../../../Engine/Plugins/NNE/NNEDenoiser/Content/NNEDTOM_Output_Alpha.uexp" 66
"../../../Engine/Plugins/NNE/NNEDenoiser/Content/NNEDTIM_ColorAlbedoNormal_Default.uasset" 67
"../../../Engine/Plugins/NNE/NNEDenoiser/Content/NNEDTIM_ColorAlbedoNormal_Default.uexp" 68
"../../../Engine/Plugins/NNE/NNEDenoiser/Content/NNEDTIM_ColorAlbedoNormal_Alpha.uasset" 69
"../../../Engine/Plugins/NNE/NNEDenoiser/Content/NNEDTIM_ColorAlbedoNormal_Alpha.uexp" 70
"../../../Engine/Plugins/NNE/NNEDenoiser/Content/NNEDOM_Output_Default.uasset" 71
"../../../Engine/Plugins/NNE/NNEDenoiser/Content/NNEDOM_Output_Default.uexp" 72
"../../../Engine/Plugins/NNE/NNEDenoiser/Content/NNEDOM_Output_Alpha.uasset" 73
"../../../Engine/Plugins/NNE/NNEDenoiser/Content/NNEDOM_Output_Alpha.uexp" 74
"../../../Engine/Plugins/NNE/NNEDenoiser/Content/NNEDIM_HighQuality_Default.uasset" 75
"../../../Engine/Plugins/NNE/NNEDenoiser/Content/NNEDIM_HighQuality_Default.uexp" 76
"../../../Engine/Plugins/NNE/NNEDenoiser/Content/NNEDIM_HighQuality_Alpha.uasset" 77
"../../../Engine/Plugins/NNE/NNEDenoiser/Content/NNEDIM_HighQuality_Alpha.uexp" 78
"../../../Engine/Plugins/NNE/NNEDenoiser/Content/NNEDIM_ColorAlbedoNormal_Default.uasset" 79
"../../../Engine/Plugins/NNE/NNEDenoiser/Content/NNEDIM_ColorAlbedoNormal_Default.uexp" 80
"../../../Engine/Plugins/NNE/NNEDenoiser/Content/NNEDIM_ColorAlbedoNormal_Alpha.uasset" 81
"../../../Engine/Plugins/NNE/NNEDenoiser/Content/NNEDIM_ColorAlbedoNormal_Alpha.uexp" 82
"../../../Engine/Content/Functions/Engine_MaterialFunctions02/WorldPositionOffset/CameraOffset.uasset" 83
"../../../Engine/Content/Functions/Engine_MaterialFunctions02/WorldPositionOffset/CameraOffset.uexp" 84
"../../../Engine/Plugins/Animation/ControlRig/Content/M_Manip.uasset" 85
"../../../Engine/Plugins/Animation/ControlRig/Content/M_Manip.uexp" 86
"../../../Engine/Content/BasicShapes/BasicShapeMaterial.uasset" 87
"../../../Engine/Content/BasicShapes/BasicShapeMaterial.uexp" 88
"../../../Engine/Content/EditorLandscapeResources/WhiteSquareTexture.uasset" 89
"../../../Engine/Content/EditorLandscapeResources/WhiteSquareTexture.uexp" 90
"../../../Engine/Content/EditorLandscapeResources/LayerVisMaterial.uasset" 91
"../../../Engine/Content/EditorLandscapeResources/LayerVisMaterial.uexp" 92
"../../../Engine/Content/Functions/Engine_MaterialFunctions02/Utility/BreakOutFloat2Components.uasset" 93
"../../../Engine/Content/Functions/Engine_MaterialFunctions02/Utility/BreakOutFloat2Components.uexp" 94
"../../../Engine/Content/Functions/Engine_MaterialFunctions01/Texturing/ScaleUVsByCenter.uasset" 95
"../../../Engine/Content/Functions/Engine_MaterialFunctions01/Texturing/ScaleUVsByCenter.uexp" 96
"../../../Engine/Content/Functions/Engine_MaterialFunctions02/WorldPositionOffset/LocalPosition.uasset" 97
"../../../Engine/Content/Functions/Engine_MaterialFunctions02/WorldPositionOffset/LocalPosition.uexp" 98
"../../../Engine/Content/EngineMaterials/DefaultDiffuse.ubulk" 99
"../../../Engine/Content/EngineMaterials/DefaultDiffuse.uasset" 100
"../../../Engine/Content/EngineMaterials/DefaultDiffuse.uexp" 101
"../../../Engine/Content/Functions/Engine_MaterialFunctions01/Texturing/TextureCropping.uasset" 102
"../../../Engine/Content/Functions/Engine_MaterialFunctions01/Texturing/TextureCropping.uexp" 103
"../../../Engine/Content/Functions/Engine_MaterialFunctions02/ExampleContent/DebugNumberStrip.uasset" 104
"../../../Engine/Content/Functions/Engine_MaterialFunctions02/ExampleContent/DebugNumberStrip.uexp" 105
"../../../Engine/Content/Functions/Engine_MaterialFunctions01/Debug/DebugIntValues.uasset" 106
"../../../Engine/Content/Functions/Engine_MaterialFunctions01/Debug/DebugIntValues.uexp" 107
"../../../Engine/Content/EditorLandscapeResources/LandscapeLayerUsageMaterial.uasset" 108
"../../../Engine/Content/EditorLandscapeResources/LandscapeLayerUsageMaterial.uexp" 109
"../../../Engine/Content/EditorLandscapeResources/DefaultAlphaTexture.uasset" 110
"../../../Engine/Content/EditorLandscapeResources/DefaultAlphaTexture.uexp" 111
"../../../Engine/Content/EditorLandscapeResources/LandscapeDirtyMaterial.uasset" 112
"../../../Engine/Content/EditorLandscapeResources/LandscapeDirtyMaterial.uexp" 113
"../../../Engine/Content/Functions/Engine_MaterialFunctions02/Utility/CameraDirectionVector.uasset" 114
"../../../Engine/Content/Functions/Engine_MaterialFunctions02/Utility/CameraDirectionVector.uexp" 115
"../../../Engine/Content/EngineDebugMaterials/VolumeToRender.uasset" 116
"../../../Engine/Content/EngineDebugMaterials/VolumeToRender.uexp" 117
"../../../Engine/Content/EngineDebugMaterials/M_VolumeRenderSphereTracePP.uasset" 118
"../../../Engine/Content/EngineDebugMaterials/M_VolumeRenderSphereTracePP.uexp" 119
"../../../Engine/Content/EngineDebugMaterials/M_SimpleUnlitTranslucent.uasset" 120
"../../../Engine/Content/EngineDebugMaterials/M_SimpleUnlitTranslucent.uexp" 121
"../../../Engine/Content/EngineDebugMaterials/DebugMeshMaterial.uasset" 122
"../../../Engine/Content/EngineDebugMaterials/DebugMeshMaterial.uexp" 123
"../../../Engine/Content/EngineDebugMaterials/DebugEditorMaterial.uasset" 124
"../../../Engine/Content/EngineDebugMaterials/DebugEditorMaterial.uexp" 125
"../../../Engine/Content/EngineDamageTypes/DmgTypeBP_Environmental.uasset" 126
"../../../Engine/Content/EngineDamageTypes/DmgTypeBP_Environmental.uexp" 127
"../../../Engine/Content/EditorResources/S_TriggerSphere.uasset" 128
"../../../Engine/Content/EditorResources/S_TriggerSphere.uexp" 129
"../../../Engine/Content/EditorResources/S_TriggerCapsule.uasset" 130
"../../../Engine/Content/EditorResources/S_TriggerCapsule.uexp" 131
"../../../Engine/Content/EditorResources/S_TriggerBox.uasset" 132
"../../../Engine/Content/EditorResources/S_TriggerBox.uexp" 133
"../../../Engine/Content/EditorResources/S_Trigger.ubulk" 134
"../../../Engine/Content/EditorResources/S_Trigger.uasset" 135
"../../../Engine/Content/EditorResources/S_Trigger.uexp" 136
"../../../Engine/Content/EditorResources/S_Terrain.ubulk" 137
"../../../Engine/Content/EditorResources/S_Terrain.uasset" 138
"../../../Engine/Content/EditorResources/S_Terrain.uexp" 139
"../../../Engine/Content/EditorResources/S_Solver.ubulk" 140
"../../../Engine/Content/EditorResources/S_Solver.uasset" 141
"../../../Engine/Content/EditorResources/S_Solver.uexp" 142
"../../../Engine/Content/EditorResources/S_BoxReflectionCapture.uasset" 143
"../../../Engine/Content/EditorResources/S_BoxReflectionCapture.uexp" 144
"../../../Engine/Content/EditorResources/BSPVertex.uasset" 145
"../../../Engine/Content/EditorResources/BSPVertex.uexp" 146
"../../../Engine/Content/EditorMaterials/PreviewShadowIndicator.ubulk" 147
"../../../Engine/Content/EditorMaterials/PreviewShadowIndicator.uasset" 148
"../../../Engine/Content/EditorMaterials/PreviewShadowIndicator.uexp" 149
"../../../Engine/Content/EditorMaterials/PreviewShadowIndicatorMaterial.uasset" 150
"../../../Engine/Content/EditorMaterials/PreviewShadowIndicatorMaterial.uexp" 151
"../../../Engine/Content/EditorMaterials/PhAT_UnselectedMaterial.uasset" 152
"../../../Engine/Content/EditorMaterials/PhAT_UnselectedMaterial.uexp" 153
"../../../Engine/Content/EditorMaterials/PhAT_NoCollisionMaterial.uasset" 154
"../../../Engine/Content/EditorMaterials/PhAT_NoCollisionMaterial.uexp" 155
"../../../Engine/Content/Functions/Engine_MaterialFunctions02/Utility/VectorLength.uasset" 156
"../../../Engine/Content/Functions/Engine_MaterialFunctions02/Utility/VectorLength.uexp" 157
"../../../Engine/Content/Functions/Engine_MaterialFunctions02/Utility/BreakOutFloat3Components.uasset" 158
"../../../Engine/Content/Functions/Engine_MaterialFunctions02/Utility/BreakOutFloat3Components.uexp" 159
"../../../Engine/Content/Functions/Engine_MaterialFunctions02/WorldPositionOffset/ObjectScale.uasset" 160
"../../../Engine/Content/Functions/Engine_MaterialFunctions02/WorldPositionOffset/ObjectScale.uexp" 161
"../../../Engine/Content/Functions/Engine_MaterialFunctions02/SafeNormalize.uasset" 162
"../../../Engine/Content/Functions/Engine_MaterialFunctions02/SafeNormalize.uexp" 163
"../../../Engine/Plugins/Editor/SpeedTreeImporter/Content/SpeedTree9/UnpackInteger3.uasset" 164
"../../../Engine/Plugins/Editor/SpeedTreeImporter/Content/SpeedTree9/UnpackInteger3.uexp" 165
"../../../Engine/Plugins/Editor/SpeedTreeImporter/Content/SpeedTree9/UnpackDirection.uasset" 166
"../../../Engine/Plugins/Editor/SpeedTreeImporter/Content/SpeedTree9/UnpackDirection.uexp" 167
"../../../Engine/Plugins/Editor/SpeedTreeImporter/Content/SpeedTree9/game_wind_noise.ubulk" 168
"../../../Engine/Plugins/Editor/SpeedTreeImporter/Content/SpeedTree9/game_wind_noise.uasset" 169
"../../../Engine/Plugins/Editor/SpeedTreeImporter/Content/SpeedTree9/game_wind_noise.uexp" 170
"../../../Engine/Plugins/Editor/SpeedTreeImporter/Content/SpeedTree9/SpeedTreeWindMotion.uasset" 171
"../../../Engine/Plugins/Editor/SpeedTreeImporter/Content/SpeedTree9/SpeedTreeWindMotion.uexp" 172
"../../../Engine/Content/Functions/Engine_MaterialFunctions02/ObjectLocalBounds.uasset" 173
"../../../Engine/Content/Functions/Engine_MaterialFunctions02/ObjectLocalBounds.uexp" 174
"../../../Engine/Content/Functions/Engine_MaterialFunctions02/UVs/BoundingBoxBased_0-1_UVW.uasset" 175
"../../../Engine/Content/Functions/Engine_MaterialFunctions02/UVs/BoundingBoxBased_0-1_UVW.uexp" 176
"../../../Engine/Plugins/Editor/SpeedTreeImporter/Content/SpeedTree9/SpeedTreeBranchMotion.uasset" 177
"../../../Engine/Plugins/Editor/SpeedTreeImporter/Content/SpeedTree9/SpeedTreeBranchMotion.uexp" 178
"../../../Engine/Plugins/Editor/SpeedTreeImporter/Content/SpeedTree9/SpeedTreeWind.uasset" 179
"../../../Engine/Plugins/Editor/SpeedTreeImporter/Content/SpeedTree9/SpeedTreeWind.uexp" 180
"../../../Engine/Plugins/Editor/SpeedTreeImporter/Content/SpeedTree9/SpeedTreeCameraFacing.uasset" 181
"../../../Engine/Plugins/Editor/SpeedTreeImporter/Content/SpeedTree9/SpeedTreeCameraFacing.uexp" 182
"../../../Engine/Plugins/Editor/SpeedTreeImporter/Content/SpeedTree9/Empty.uasset" 183
"../../../Engine/Plugins/Editor/SpeedTreeImporter/Content/SpeedTree9/Empty.uexp" 184
"../../../Engine/Plugins/Editor/SpeedTreeImporter/Content/SpeedTree9/EmptyNormal.uasset" 185
"../../../Engine/Plugins/Editor/SpeedTreeImporter/Content/SpeedTree9/EmptyNormal.uexp" 186
"../../../Engine/Plugins/Editor/SpeedTreeImporter/Content/SpeedTree9/SpeedTreeMaster.uasset" 187
"../../../Engine/Plugins/Editor/SpeedTreeImporter/Content/SpeedTree9/SpeedTreeMaster.uexp" 188
"../../../Engine/Plugins/Editor/SpeedTreeImporter/Content/SpeedTree9/SpeedTreeBillboard.uasset" 189
"../../../Engine/Plugins/Editor/SpeedTreeImporter/Content/SpeedTree9/SpeedTreeBillboard.uexp" 190
"../../../Engine/Plugins/Editor/SpeedTreeImporter/Content/SpeedTree9/SpeedTreeBillboardMaster.uasset" 191
"../../../Engine/Plugins/Editor/SpeedTreeImporter/Content/SpeedTree9/SpeedTreeBillboardMaster.uexp" 192
"../../../Engine/Plugins/Animation/ControlRig/Content/Controls/ControlRigXRayMaterial.uasset" 193
"../../../Engine/Plugins/Animation/ControlRig/Content/Controls/ControlRigXRayMaterial.uexp" 194
"../../../Engine/Plugins/Animation/ControlRig/Content/Controls/ControlRigGizmoMaterial.uasset" 195
"../../../Engine/Plugins/Animation/ControlRig/Content/Controls/ControlRigGizmoMaterial.uexp" 196
"../../../Engine/Content/EngineMaterials/RemoveSurfaceMaterial.uasset" 197
"../../../Engine/Content/EngineMaterials/RemoveSurfaceMaterial.uexp" 198
"../../../Engine/Content/EngineMaterials/PreintegratedSkinBRDF.uasset" 199
"../../../Engine/Content/EngineMaterials/PreintegratedSkinBRDF.uexp" 200
"../../../Engine/Content/EngineMaterials/DefaultCalibrationGrayscale.uasset" 201
"../../../Engine/Content/EngineMaterials/DefaultCalibrationGrayscale.uexp" 202
"../../../Engine/Content/EngineMaterials/PPM_DefaultCalibrationGrayscale.uasset" 203
"../../../Engine/Content/EngineMaterials/PPM_DefaultCalibrationGrayscale.uexp" 204
"../../../Engine/Content/EngineMaterials/DefaultCalibrationColor.uasset" 205
"../../../Engine/Content/EngineMaterials/DefaultCalibrationColor.uexp" 206
"../../../Engine/Content/EngineMaterials/PPM_DefaultCalibrationColor.uasset" 207
"../../../Engine/Content/EngineMaterials/PPM_DefaultCalibrationColor.uexp" 208
"../../../Engine/Content/EngineMaterials/PhAT_JointLimitMaterial.uasset" 209
"../../../Engine/Content/EngineMaterials/PhAT_JointLimitMaterial.uexp" 210
"../../../Engine/Content/EngineMaterials/NaniteHiddenSectionMaterial.uasset" 211
"../../../Engine/Content/EngineMaterials/NaniteHiddenSectionMaterial.uexp" 212
"../../../Engine/Content/EngineMaterials/InvalidLightmapSettings.ubulk" 213
"../../../Engine/Content/EngineMaterials/InvalidLightmapSettings.uasset" 214
"../../../Engine/Content/EngineMaterials/InvalidLightmapSettings.uexp" 215
"../../../Engine/Content/EngineMaterials/M_InvalidLightmapSettings.uasset" 216
"../../../Engine/Content/EngineMaterials/M_InvalidLightmapSettings.uexp" 217
"../../../Engine/Content/EngineMaterials/MiniFont.uasset" 218
"../../../Engine/Content/EngineMaterials/MiniFont.uexp" 219
"../../../Engine/Content/EngineMaterials/GizmoMaterial.uasset" 220
"../../../Engine/Content/EngineMaterials/GizmoMaterial.uexp" 221
"../../../Engine/Content/EngineMaterials/BaseFlattenDiffuseMap_VT.ubulk" 222
"../../../Engine/Content/EngineMaterials/BaseFlattenDiffuseMap_VT.uasset" 223
"../../../Engine/Content/EngineMaterials/BaseFlattenDiffuseMap_VT.uexp" 224
"../../../Engine/Content/EngineMaterials/BaseFlattenEmissiveMap_VT.ubulk" 225
"../../../Engine/Content/EngineMaterials/BaseFlattenEmissiveMap_VT.uasset" 226
"../../../Engine/Content/EngineMaterials/BaseFlattenEmissiveMap_VT.uexp" 227
"../../../Engine/Content/EngineMaterials/BaseFlattenGrayscaleMap_VT.ubulk" 228
"../../../Engine/Content/EngineMaterials/BaseFlattenGrayscaleMap_VT.uasset" 229
"../../../Engine/Content/EngineMaterials/BaseFlattenGrayscaleMap_VT.uexp" 230
"../../../Engine/Content/EngineMaterials/BaseFlattenLinearColor_VT.ubulk" 231
"../../../Engine/Content/EngineMaterials/BaseFlattenLinearColor_VT.uasset" 232
"../../../Engine/Content/EngineMaterials/BaseFlattenLinearColor_VT.uexp" 233
"../../../Engine/Content/EngineMaterials/BaseFlattenNormalMap_VT.ubulk" 234
"../../../Engine/Content/EngineMaterials/BaseFlattenNormalMap_VT.uasset" 235
"../../../Engine/Content/EngineMaterials/BaseFlattenNormalMap_VT.uexp" 236
"../../../Engine/Content/EngineMaterials/Black_1x1_EXR_Texture_VT.ubulk" 237
"../../../Engine/Content/EngineMaterials/Black_1x1_EXR_Texture_VT.uasset" 238
"../../../Engine/Content/EngineMaterials/Black_1x1_EXR_Texture_VT.uexp" 239
"../../../Engine/Content/EngineMaterials/FlattenMaterial_WS_Normal_VT.uasset" 240
"../../../Engine/Content/EngineMaterials/FlattenMaterial_WS_Normal_VT.uexp" 241
"../../../Engine/Content/EngineMaterials/FlattenMaterial_VT.uasset" 242
"../../../Engine/Content/EngineMaterials/FlattenMaterial_VT.uexp" 243
"../../../Engine/Content/EngineMaterials/BaseFlattenLinearColor.uasset" 244
"../../../Engine/Content/EngineMaterials/BaseFlattenLinearColor.uexp" 245
"../../../Engine/Content/EngineMaterials/BaseFlattenNormalMap.uasset" 246
"../../../Engine/Content/EngineMaterials/BaseFlattenNormalMap.uexp" 247
"../../../Engine/Content/EngineMaterials/BaseFlattenDiffuseMap.uasset" 248
"../../../Engine/Content/EngineMaterials/BaseFlattenDiffuseMap.uexp" 249
"../../../Engine/Content/EngineMaterials/BaseFlattenEmissiveMap.uasset" 250
"../../../Engine/Content/EngineMaterials/BaseFlattenEmissiveMap.uexp" 251
"../../../Engine/Content/EngineMaterials/BaseFlattenGrayscaleMap.uasset" 252
"../../../Engine/Content/EngineMaterials/BaseFlattenGrayscaleMap.uexp" 253
"../../../Engine/Content/Functions/Engine_MaterialFunctions02/PivotPainter2/Black_1x1_EXR_Texture.uasset" 254
"../../../Engine/Content/Functions/Engine_MaterialFunctions02/PivotPainter2/Black_1x1_EXR_Texture.uexp" 255
"../../../Engine/Content/EngineMaterials/FlattenMaterial.uasset" 256
"../../../Engine/Content/EngineMaterials/FlattenMaterial.uexp" 257
"../../../Engine/Content/EngineMaterials/FastBlueNoise_vec2_128x128x64.uasset" 258
"../../../Engine/Content/EngineMaterials/FastBlueNoise_vec2_128x128x64.uexp" 259
"../../../Engine/Content/EngineMaterials/FastBlueNoise_scalar_128x128x8.uasset" 260
"../../../Engine/Content/EngineMaterials/FastBlueNoise_scalar_128x128x8.uexp" 261
"../../../Engine/Content/EngineMaterials/FastBlueNoise_scalar_128x128x64.uasset" 262
"../../../Engine/Content/EngineMaterials/FastBlueNoise_scalar_128x128x64.uexp" 263
"../../../Engine/Content/EngineMaterials/DefaultWhiteGrid_Low.uasset" 264
"../../../Engine/Content/EngineMaterials/DefaultWhiteGrid_Low.uexp" 265
"../../../Engine/Content/EngineMaterials/EmissiveMeshMaterial.uasset" 266
"../../../Engine/Content/EngineMaterials/EmissiveMeshMaterial.uexp" 267
"../../../Engine/Content/EngineMaterials/DefaultWhiteGrid.ubulk" 268
"../../../Engine/Content/EngineMaterials/DefaultWhiteGrid.uasset" 269
"../../../Engine/Content/EngineMaterials/DefaultWhiteGrid.uexp" 270
"../../../Engine/Content/EngineFonts/RobotoDistanceField.uasset" 271
"../../../Engine/Content/EngineFonts/RobotoDistanceField.uexp" 272
"../../../Engine/Content/EngineMaterials/DefaultTextMaterialOpaque.uasset" 273
"../../../Engine/Content/EngineMaterials/DefaultTextMaterialOpaque.uexp" 274
"../../../Engine/Content/EngineMaterials/DefaultPostProcessMaterial.uasset" 275
"../../../Engine/Content/EngineMaterials/DefaultPostProcessMaterial.uexp" 276
"../../../Engine/Content/EngineMaterials/DefaultLightFunctionMaterial.uasset" 277
"../../../Engine/Content/EngineMaterials/DefaultLightFunctionMaterial.uexp" 278
"../../../Engine/Content/EngineMaterials/DefaultDeferredDecalMaterial.uasset" 279
"../../../Engine/Content/EngineMaterials/DefaultDeferredDecalMaterial.uexp" 280
"../../../Engine/Content/EngineMaterials/DefaultBokeh.uasset" 281
"../../../Engine/Content/EngineMaterials/DefaultBokeh.uexp" 282
"../../../Engine/Content/EngineMaterials/DefaultBloomKernel.uasset" 283
"../../../Engine/Content/EngineMaterials/DefaultBloomKernel.uexp" 284
"C:/Users/asusz/Documents/Unreal Projects/MIMUWSurfers/Content/UserWidget/rotate_11073056.ubulk" 285
"C:/Users/asusz/Documents/Unreal Projects/MIMUWSurfers/Content/UserWidget/rotate_11073056.uasset" 286
"C:/Users/asusz/Documents/Unreal Projects/MIMUWSurfers/Content/UserWidget/rotate_11073056.uexp" 287
"C:/Users/asusz/Documents/Unreal Projects/MIMUWSurfers/Content/UserWidget/WBP_GameOver.uasset" 288
"C:/Users/asusz/Documents/Unreal Projects/MIMUWSurfers/Content/UserWidget/WBP_GameOver.uexp" 289
"C:/Users/asusz/Documents/Unreal Projects/MIMUWSurfers/Content/UserWidget/MainMenu_UI.uasset" 290
"C:/Users/asusz/Documents/Unreal Projects/MIMUWSurfers/Content/UserWidget/MainMenu_UI.uexp" 291
"C:/Users/asusz/Documents/Unreal Projects/MIMUWSurfers/Content/UserWidget/MainMenu_HUD.uasset" 292
"C:/Users/asusz/Documents/Unreal Projects/MIMUWSurfers/Content/UserWidget/MainMenu_HUD.uexp" 293
"C:/Users/asusz/Documents/Unreal Projects/MIMUWSurfers/Content/UserWidget/MainHUD_UI.uasset" 294
"C:/Users/asusz/Documents/Unreal Projects/MIMUWSurfers/Content/UserWidget/MainHUD_UI.uexp" 295
"C:/Users/asusz/Documents/Unreal Projects/MIMUWSurfers/Content/Blueprints/BP_MIMUW_Surfers_GameMode_Interface.uasset" 296
"C:/Users/asusz/Documents/Unreal Projects/MIMUWSurfers/Content/Blueprints/BP_MIMUW_Surfers_GameMode_Interface.uexp" 297
"C:/Users/asusz/Documents/Unreal Projects/MIMUWSurfers/Content/Music/Hr_death.ubulk" 298
"C:/Users/asusz/Documents/Unreal Projects/MIMUWSurfers/Content/Music/Hr_death.uasset" 299
"C:/Users/asusz/Documents/Unreal Projects/MIMUWSurfers/Content/Music/Hr_death.uexp" 300
"C:/Users/asusz/Documents/Unreal Projects/MIMUWSurfers/Content/Music/SC_death.uasset" 301
"C:/Users/asusz/Documents/Unreal Projects/MIMUWSurfers/Content/Music/SC_death.uexp" 302
"../../../Engine/Content/Animation/DefaultVariableFrameStrippingSettings.uasset" 303
"../../../Engine/Content/Animation/DefaultVariableFrameStrippingSettings.uexp" 304
"../../../Engine/Content/Animation/DefaultAnimCurveCompressionSettings.uasset" 305
"../../../Engine/Content/Animation/DefaultAnimCurveCompressionSettings.uexp" 306
"../../../Engine/Content/Animation/DefaultAnimBoneCompressionSettings.uasset" 307
"../../../Engine/Content/Animation/DefaultAnimBoneCompressionSettings.uexp" 308
"C:/Users/asusz/Documents/Unreal Projects/MIMUWSurfers/Content/Characters/Mannequins/Meshes/SK_Mannequin.uasset" 309
"C:/Users/asusz/Documents/Unreal Projects/MIMUWSurfers/Content/Characters/Mannequins/Meshes/SK_Mannequin.uexp" 310
"C:/Users/asusz/Documents/Unreal Projects/MIMUWSurfers/Content/Characters/Mannequins/Anims/Unarmed/MM_Idle.uasset" 311
"C:/Users/asusz/Documents/Unreal Projects/MIMUWSurfers/Content/Characters/Mannequins/Anims/Unarmed/MM_Idle.uexp" 312
"C:/Users/asusz/Documents/Unreal Projects/MIMUWSurfers/Content/Characters/Mannequins/Anims/Unarmed/Jog/MF_Unarmed_Jog_Bwd.uasset" 313
"C:/Users/asusz/Documents/Unreal Projects/MIMUWSurfers/Content/Characters/Mannequins/Anims/Unarmed/Jog/MF_Unarmed_Jog_Bwd.uexp" 314
"../../../Engine/Plugins/Animation/ACLPlugin/Content/ACLAnimCurveCompressionSettings.uasset" 315
"../../../Engine/Plugins/Animation/ACLPlugin/Content/ACLAnimCurveCompressionSettings.uexp" 316
"../../../Engine/Content/Animation/DefaultRecorderBoneCompression.uasset" 317
"../../../Engine/Content/Animation/DefaultRecorderBoneCompression.uexp" 318
"C:/Users/asusz/Documents/Unreal Projects/MIMUWSurfers/Content/Characters/Mannequins/Anims/Unarmed/Jog/MF_Unarmed_Jog_Bwd_Left.uasset" 319
"C:/Users/asusz/Documents/Unreal Projects/MIMUWSurfers/Content/Characters/Mannequins/Anims/Unarmed/Jog/MF_Unarmed_Jog_Bwd_Left.uexp" 320
"C:/Users/asusz/Documents/Unreal Projects/MIMUWSurfers/Content/Characters/Mannequins/Anims/Unarmed/Jog/MF_Unarmed_Jog_Bwd_Right.uasset" 321
"C:/Users/asusz/Documents/Unreal Projects/MIMUWSurfers/Content/Characters/Mannequins/Anims/Unarmed/Jog/MF_Unarmed_Jog_Bwd_Right.uexp" 322
"C:/Users/asusz/Documents/Unreal Projects/MIMUWSurfers/Content/Characters/Mannequins/Anims/Unarmed/Jog/MF_Unarmed_Jog_Fwd.uasset" 323
"C:/Users/asusz/Documents/Unreal Projects/MIMUWSurfers/Content/Characters/Mannequins/Anims/Unarmed/Jog/MF_Unarmed_Jog_Fwd.uexp" 324
"C:/Users/asusz/Documents/Unreal Projects/MIMUWSurfers/Content/Characters/Mannequins/Anims/Unarmed/Jog/MF_Unarmed_Jog_Fwd_Left.uasset" 325
"C:/Users/asusz/Documents/Unreal Projects/MIMUWSurfers/Content/Characters/Mannequins/Anims/Unarmed/Jog/MF_Unarmed_Jog_Fwd_Left.uexp" 326
"C:/Users/asusz/Documents/Unreal Projects/MIMUWSurfers/Content/Characters/Mannequins/Anims/Unarmed/Jog/MF_Unarmed_Jog_Fwd_Right.uasset" 327
"C:/Users/asusz/Documents/Unreal Projects/MIMUWSurfers/Content/Characters/Mannequins/Anims/Unarmed/Jog/MF_Unarmed_Jog_Fwd_Right.uexp" 328
"C:/Users/asusz/Documents/Unreal Projects/MIMUWSurfers/Content/Characters/Mannequins/Anims/Unarmed/Jog/MF_Unarmed_Jog_Left.uasset" 329
"C:/Users/asusz/Documents/Unreal Projects/MIMUWSurfers/Content/Characters/Mannequins/Anims/Unarmed/Jog/MF_Unarmed_Jog_Left.uexp" 330
"C:/Users/asusz/Documents/Unreal Projects/MIMUWSurfers/Content/Characters/Mannequins/Anims/Unarmed/Jog/MF_Unarmed_Jog_Right.uasset" 331
"C:/Users/asusz/Documents/Unreal Projects/MIMUWSurfers/Content/Characters/Mannequins/Anims/Unarmed/Jog/MF_Unarmed_Jog_Right.uexp" 332
"C:/Users/asusz/Documents/Unreal Projects/MIMUWSurfers/Content/Characters/Mannequins/Anims/Unarmed/Walk/MF_Unarmed_Walk_Bwd.uasset" 333
"C:/Users/asusz/Documents/Unreal Projects/MIMUWSurfers/Content/Characters/Mannequins/Anims/Unarmed/Walk/MF_Unarmed_Walk_Bwd.uexp" 334
"C:/Users/asusz/Documents/Unreal Projects/MIMUWSurfers/Content/Characters/Mannequins/Anims/Unarmed/Walk/MF_Unarmed_Walk_Bwd_Left.uasset" 335
"C:/Users/asusz/Documents/Unreal Projects/MIMUWSurfers/Content/Characters/Mannequins/Anims/Unarmed/Walk/MF_Unarmed_Walk_Bwd_Left.uexp" 336
"C:/Users/asusz/Documents/Unreal Projects/MIMUWSurfers/Content/Characters/Mannequins/Anims/Unarmed/Walk/MF_Unarmed_Walk_Bwd_Right.uasset" 337
"C:/Users/asusz/Documents/Unreal Projects/MIMUWSurfers/Content/Characters/Mannequins/Anims/Unarmed/Walk/MF_Unarmed_Walk_Bwd_Right.uexp" 338
"C:/Users/asusz/Documents/Unreal Projects/MIMUWSurfers/Content/Characters/Mannequins/Anims/Unarmed/Walk/MF_Unarmed_Walk_Fwd.uasset" 339
"C:/Users/asusz/Documents/Unreal Projects/MIMUWSurfers/Content/Characters/Mannequins/Anims/Unarmed/Walk/MF_Unarmed_Walk_Fwd.uexp" 340
"C:/Users/asusz/Documents/Unreal Projects/MIMUWSurfers/Content/Characters/Mannequins/Anims/Unarmed/Walk/MF_Unarmed_Walk_Fwd_Left.uasset" 341
"C:/Users/asusz/Documents/Unreal Projects/MIMUWSurfers/Content/Characters/Mannequins/Anims/Unarmed/Walk/MF_Unarmed_Walk_Fwd_Left.uexp" 342
"C:/Users/asusz/Documents/Unreal Projects/MIMUWSurfers/Content/Characters/Mannequins/Anims/Unarmed/Walk/MF_Unarmed_Walk_Fwd_Right.uasset" 343
"C:/Users/asusz/Documents/Unreal Projects/MIMUWSurfers/Content/Characters/Mannequins/Anims/Unarmed/Walk/MF_Unarmed_Walk_Fwd_Right.uexp" 344
"C:/Users/asusz/Documents/Unreal Projects/MIMUWSurfers/Content/Characters/Mannequins/Anims/Unarmed/Walk/MF_Unarmed_Walk_Left.uasset" 345
"C:/Users/asusz/Documents/Unreal Projects/MIMUWSurfers/Content/Characters/Mannequins/Anims/Unarmed/Walk/MF_Unarmed_Walk_Left.uexp" 346
"C:/Users/asusz/Documents/Unreal Projects/MIMUWSurfers/Content/Characters/Mannequins/Anims/Unarmed/Walk/MF_Unarmed_Walk_Right.uasset" 347
"C:/Users/asusz/Documents/Unreal Projects/MIMUWSurfers/Content/Characters/Mannequins/Anims/Unarmed/Walk/MF_Unarmed_Walk_Right.uexp" 348
"C:/Users/asusz/Documents/Unreal Projects/MIMUWSurfers/Content/Characters/Mannequins/Anims/Unarmed/BS_Idle_Walk_Run.uasset" 349
"C:/Users/asusz/Documents/Unreal Projects/MIMUWSurfers/Content/Characters/Mannequins/Anims/Unarmed/BS_Idle_Walk_Run.uexp" 350
"C:/Users/asusz/Documents/Unreal Projects/MIMUWSurfers/Content/Characters/Mannequins/Anims/Unarmed/Jump/MM_Fall_Loop.uasset" 351
"C:/Users/asusz/Documents/Unreal Projects/MIMUWSurfers/Content/Characters/Mannequins/Anims/Unarmed/Jump/MM_Fall_Loop.uexp" 352
"C:/Users/asusz/Documents/Unreal Projects/MIMUWSurfers/Content/Music/Hr_run_jump.ubulk" 353
"C:/Users/asusz/Documents/Unreal Projects/MIMUWSurfers/Content/Music/Hr_run_jump.uasset" 354
"C:/Users/asusz/Documents/Unreal Projects/MIMUWSurfers/Content/Music/Hr_run_jump.uexp" 355
"C:/Users/asusz/Documents/Unreal Projects/MIMUWSurfers/Content/Music/SC_jump.uasset" 356
"C:/Users/asusz/Documents/Unreal Projects/MIMUWSurfers/Content/Music/SC_jump.uexp" 357
"C:/Users/asusz/Documents/Unreal Projects/MIMUWSurfers/Content/Characters/Mannequins/Anims/Unarmed/Jump/MM_Jump.uasset" 358
"C:/Users/asusz/Documents/Unreal Projects/MIMUWSurfers/Content/Characters/Mannequins/Anims/Unarmed/Jump/MM_Jump.uexp" 359
"C:/Users/asusz/Documents/Unreal Projects/MIMUWSurfers/Content/Characters/Mannequins/Anims/Unarmed/Jump/MM_Land.uasset" 360
"C:/Users/asusz/Documents/Unreal Projects/MIMUWSurfers/Content/Characters/Mannequins/Anims/Unarmed/Jump/MM_Land.uexp" 361
"../../../Engine/Plugins/Animation/ControlRig/Content/Controls/DefaultGizmoLibraryNormalized.uasset" 362
"../../../Engine/Plugins/Animation/ControlRig/Content/Controls/DefaultGizmoLibraryNormalized.uexp" 363
"C:/Users/asusz/Documents/Unreal Projects/MIMUWSurfers/Content/Characters/Mannequins/Rigs/CR_Mannequin_FootIK.uasset" 364
"C:/Users/asusz/Documents/Unreal Projects/MIMUWSurfers/Content/Characters/Mannequins/Rigs/CR_Mannequin_FootIK.uexp" 365
"C:/Users/asusz/Documents/Unreal Projects/MIMUWSurfers/Content/Variant_Combat/Anims/ABP_Manny_Combat.uasset" 366
"C:/Users/asusz/Documents/Unreal Projects/MIMUWSurfers/Content/Variant_Combat/Anims/ABP_Manny_Combat.uexp" 367
"C:/Users/asusz/Documents/Unreal Projects/MIMUWSurfers/Content/Man/Demo/Mesh/UE4_Mannequin_Skeleton.uasset" 368
"C:/Users/asusz/Documents/Unreal Projects/MIMUWSurfers/Content/Man/Demo/Mesh/UE4_Mannequin_Skeleton.uexp" 369
"C:/Users/asusz/Documents/Unreal Projects/MIMUWSurfers/Content/Man/Textures/Cloth/T_Man_Cloth_Down_Normals.ubulk" 370
"C:/Users/asusz/Documents/Unreal Projects/MIMUWSurfers/Content/Man/Textures/Cloth/T_Man_Cloth_Down_Normals.uasset" 371
"C:/Users/asusz/Documents/Unreal Projects/MIMUWSurfers/Content/Man/Textures/Cloth/T_Man_Cloth_Down_Normals.uexp" 372
"C:/Users/asusz/Documents/Unreal Projects/MIMUWSurfers/Content/Man/Textures/Cloth/T_Man_Cloth_Down_Metallic.ubulk" 373
"C:/Users/asusz/Documents/Unreal Projects/MIMUWSurfers/Content/Man/Textures/Cloth/T_Man_Cloth_Down_Metallic.uasset" 374
"C:/Users/asusz/Documents/Unreal Projects/MIMUWSurfers/Content/Man/Textures/Cloth/T_Man_Cloth_Down_Metallic.uexp" 375
"C:/Users/asusz/Documents/Unreal Projects/MIMUWSurfers/Content/Man/Textures/Cloth/T_Man_Cloth_Down_Ao.ubulk" 376
"C:/Users/asusz/Documents/Unreal Projects/MIMUWSurfers/Content/Man/Textures/Cloth/T_Man_Cloth_Down_Ao.uasset" 377
"C:/Users/asusz/Documents/Unreal Projects/MIMUWSurfers/Content/Man/Textures/Cloth/T_Man_Cloth_Down_Ao.uexp" 378
"C:/Users/asusz/Documents/Unreal Projects/MIMUWSurfers/Content/Man/Textures/Cloth/T_Man_Cloth_Down_Albedo_01.ubulk" 379
"C:/Users/asusz/Documents/Unreal Projects/MIMUWSurfers/Content/Man/Textures/Cloth/T_Man_Cloth_Down_Albedo_01.uasset" 380
"C:/Users/asusz/Documents/Unreal Projects/MIMUWSurfers/Content/Man/Textures/Cloth/T_Man_Cloth_Down_Albedo_01.uexp" 381
"C:/Users/asusz/Documents/Unreal Projects/MIMUWSurfers/Content/Man/Materials/M_Man_Cloth_Down_01.uasset" 382
"C:/Users/asusz/Documents/Unreal Projects/MIMUWSurfers/Content/Man/Materials/M_Man_Cloth_Down_01.uexp" 383
"C:/Users/asusz/Documents/Unreal Projects/MIMUWSurfers/Content/Man/Textures/Cloth/T_Man_Cloth_Up_Normals.ubulk" 384
"C:/Users/asusz/Documents/Unreal Projects/MIMUWSurfers/Content/Man/Textures/Cloth/T_Man_Cloth_Up_Normals.uasset" 385
"C:/Users/asusz/Documents/Unreal Projects/MIMUWSurfers/Content/Man/Textures/Cloth/T_Man_Cloth_Up_Normals.uexp" 386
"C:/Users/asusz/Documents/Unreal Projects/MIMUWSurfers/Content/Man/Textures/Cloth/T_Man_Cloth_Up_Metallic.ubulk" 387
"C:/Users/asusz/Documents/Unreal Projects/MIMUWSurfers/Content/Man/Textures/Cloth/T_Man_Cloth_Up_Metallic.uasset" 388
"C:/Users/asusz/Documents/Unreal Projects/MIMUWSurfers/Content/Man/Textures/Cloth/T_Man_Cloth_Up_Metallic.uexp" 389
"C:/Users/asusz/Documents/Unreal Projects/MIMUWSurfers/Content/Man/Textures/Cloth/T_Man_Cloth_Up_Ao.ubulk" 390
"C:/Users/asusz/Documents/Unreal Projects/MIMUWSurfers/Content/Man/Textures/Cloth/T_Man_Cloth_Up_Ao.uasset" 391
"C:/Users/asusz/Documents/Unreal Projects/MIMUWSurfers/Content/Man/Textures/Cloth/T_Man_Cloth_Up_Ao.uexp" 392
"C:/Users/asusz/Documents/Unreal Projects/MIMUWSurfers/Content/Man/Textures/Cloth/T_Man_Cloth_Up_Albedo_01.ubulk" 393
"C:/Users/asusz/Documents/Unreal Projects/MIMUWSurfers/Content/Man/Textures/Cloth/T_Man_Cloth_Up_Albedo_01.uasset" 394
"C:/Users/asusz/Documents/Unreal Projects/MIMUWSurfers/Content/Man/Textures/Cloth/T_Man_Cloth_Up_Albedo_01.uexp" 395
"C:/Users/asusz/Documents/Unreal Projects/MIMUWSurfers/Content/Man/Materials/M_Man_Cloth_Up_01.uasset" 396
"C:/Users/asusz/Documents/Unreal Projects/MIMUWSurfers/Content/Man/Materials/M_Man_Cloth_Up_01.uexp" 397
"C:/Users/asusz/Documents/Unreal Projects/MIMUWSurfers/Content/Man/Textures/Body/T_Man_Body_Normals.ubulk" 398
"C:/Users/asusz/Documents/Unreal Projects/MIMUWSurfers/Content/Man/Textures/Body/T_Man_Body_Normals.uasset" 399
"C:/Users/asusz/Documents/Unreal Projects/MIMUWSurfers/Content/Man/Textures/Body/T_Man_Body_Normals.uexp" 400
"C:/Users/asusz/Documents/Unreal Projects/MIMUWSurfers/Content/Man/Textures/Body/T_Man_Body_Metallic.ubulk" 401
"C:/Users/asusz/Documents/Unreal Projects/MIMUWSurfers/Content/Man/Textures/Body/T_Man_Body_Metallic.uasset" 402
"C:/Users/asusz/Documents/Unreal Projects/MIMUWSurfers/Content/Man/Textures/Body/T_Man_Body_Metallic.uexp" 403
"C:/Users/asusz/Documents/Unreal Projects/MIMUWSurfers/Content/Man/Textures/Body/T_Man_Body_Ao.ubulk" 404
"C:/Users/asusz/Documents/Unreal Projects/MIMUWSurfers/Content/Man/Textures/Body/T_Man_Body_Ao.uasset" 405
"C:/Users/asusz/Documents/Unreal Projects/MIMUWSurfers/Content/Man/Textures/Body/T_Man_Body_Ao.uexp" 406
"C:/Users/asusz/Documents/Unreal Projects/MIMUWSurfers/Content/Man/Textures/Body/T_Man_Body_Albedo.ubulk" 407
"C:/Users/asusz/Documents/Unreal Projects/MIMUWSurfers/Content/Man/Textures/Body/T_Man_Body_Albedo.uasset" 408
"C:/Users/asusz/Documents/Unreal Projects/MIMUWSurfers/Content/Man/Textures/Body/T_Man_Body_Albedo.uexp" 409
"C:/Users/asusz/Documents/Unreal Projects/MIMUWSurfers/Content/Man/Materials/M_MAn_Body.uasset" 410
"C:/Users/asusz/Documents/Unreal Projects/MIMUWSurfers/Content/Man/Materials/M_MAn_Body.uexp" 411
"C:/Users/asusz/Documents/Unreal Projects/MIMUWSurfers/Content/Man/Mesh/Full/SK_Man_Full_04_PhysicsAsset.uasset" 412
"C:/Users/asusz/Documents/Unreal Projects/MIMUWSurfers/Content/Man/Mesh/Full/SK_Man_Full_04_PhysicsAsset.uexp" 413
"C:/Users/asusz/Documents/Unreal Projects/MIMUWSurfers/Content/Characters/Runner/RunnerCharacter.uasset" 414
"C:/Users/asusz/Documents/Unreal Projects/MIMUWSurfers/Content/Characters/Runner/RunnerCharacter.uexp" 415
"../../../Engine/Plugins/Animation/ACLPlugin/Content/ACLAnimBoneCompressionSettings.uasset" 416
"../../../Engine/Plugins/Animation/ACLPlugin/Content/ACLAnimBoneCompressionSettings.uexp" 417
"C:/Users/asusz/Documents/Unreal Projects/MIMUWSurfers/Content/Music/Hr_run_dodge.ubulk" 418
"C:/Users/asusz/Documents/Unreal Projects/MIMUWSurfers/Content/Music/Hr_run_dodge.uasset" 419
"C:/Users/asusz/Documents/Unreal Projects/MIMUWSurfers/Content/Music/Hr_run_dodge.uexp" 420
"C:/Users/asusz/Documents/Unreal Projects/MIMUWSurfers/Content/Music/SC_dodge.uasset" 421
"C:/Users/asusz/Documents/Unreal Projects/MIMUWSurfers/Content/Music/SC_dodge.uexp" 422
"C:/Users/asusz/Documents/Unreal Projects/MIMUWSurfers/Content/Characters/Mannequins/Anims/Unarmed/Dodge/Dodge_Small_Forward_Roll.uasset" 423
"C:/Users/asusz/Documents/Unreal Projects/MIMUWSurfers/Content/Characters/Mannequins/Anims/Unarmed/Dodge/Dodge_Small_Forward_Roll.uexp" 424
"C:/Users/asusz/Documents/Unreal Projects/MIMUWSurfers/Content/Characters/Mannequins/Anims/Unarmed/Dodge/Dodge_Small_Forward_Roll_Montage.uasset" 425
"C:/Users/asusz/Documents/Unreal Projects/MIMUWSurfers/Content/Characters/Mannequins/Anims/Unarmed/Dodge/Dodge_Small_Forward_Roll_Montage.uexp" 426
"../../../Engine/Plugins/FX/Niagara/Content/DefaultAssets/DefaultSpriteMaterial.uasset" 427
"../../../Engine/Plugins/FX/Niagara/Content/DefaultAssets/DefaultSpriteMaterial.uexp" 428
"../../../Engine/Plugins/FX/Niagara/Content/VectorFields/Assets/TilingCurl32.uasset" 429
"../../../Engine/Plugins/FX/Niagara/Content/VectorFields/Assets/TilingCurl32.uexp" 430
"../../../Engine/Plugins/FX/Niagara/Content/DefaultAssets/DefaultRIbbonMaterial.uasset" 431
"../../../Engine/Plugins/FX/Niagara/Content/DefaultAssets/DefaultRIbbonMaterial.uexp" 432
"../../../Engine/Plugins/FX/Niagara/Content/VectorFields/Assets/TilingCurl64.uasset" 433
"../../../Engine/Plugins/FX/Niagara/Content/VectorFields/Assets/TilingCurl64.uexp" 434
"C:/Users/asusz/Documents/Unreal Projects/MIMUWSurfers/Content/MsvFx_Niagara_Explosion_Pack_01/Resources/Texture/Soil_Exp_Spritesheet_01/T_soil_exp_spritesheet_01_N.uasset" 435
"C:/Users/asusz/Documents/Unreal Projects/MIMUWSurfers/Content/MsvFx_Niagara_Explosion_Pack_01/Resources/Texture/Soil_Exp_Spritesheet_01/T_soil_exp_spritesheet_01_N.uexp" 436
"C:/Users/asusz/Documents/Unreal Projects/MIMUWSurfers/Content/MsvFx_Niagara_Explosion_Pack_01/Resources/Texture/Soil_Exp_Spritesheet_01/T_soil_exp_spritesheet_01.uasset" 437
"C:/Users/asusz/Documents/Unreal Projects/MIMUWSurfers/Content/MsvFx_Niagara_Explosion_Pack_01/Resources/Texture/Soil_Exp_Spritesheet_01/T_soil_exp_spritesheet_01.uexp" 438
"../../../Engine/Content/Functions/Engine_MaterialFunctions01/Texturing/FlattenNormal.uasset" 439
"../../../Engine/Content/Functions/Engine_MaterialFunctions01/Texturing/FlattenNormal.uexp" 440
"C:/Users/asusz/Documents/Unreal Projects/MIMUWSurfers/Content/MsvFx_Niagara_Explosion_Pack_01/Resources/Materials/MasterMTL/M_Granular_Exp.uasset" 441
"C:/Users/asusz/Documents/Unreal Projects/MIMUWSurfers/Content/MsvFx_Niagara_Explosion_Pack_01/Resources/Materials/MasterMTL/M_Granular_Exp.uexp" 442
"C:/Users/asusz/Documents/Unreal Projects/MIMUWSurfers/Content/MsvFx_Niagara_Explosion_Pack_01/Resources/Materials/InstanceMTL/MI_Soil_Exp_01.uasset" 443
"C:/Users/asusz/Documents/Unreal Projects/MIMUWSurfers/Content/MsvFx_Niagara_Explosion_Pack_01/Resources/Materials/InstanceMTL/MI_Soil_Exp_01.uexp" 444
"C:/Users/asusz/Documents/Unreal Projects/MIMUWSurfers/Content/MsvFx_Niagara_Explosion_Pack_01/Resources/Texture/Pyro_Data/T_fire_gradient.ubulk" 445
"C:/Users/asusz/Documents/Unreal Projects/MIMUWSurfers/Content/MsvFx_Niagara_Explosion_Pack_01/Resources/Texture/Pyro_Data/T_fire_gradient.uasset" 446
"C:/Users/asusz/Documents/Unreal Projects/MIMUWSurfers/Content/MsvFx_Niagara_Explosion_Pack_01/Resources/Texture/Pyro_Data/T_fire_gradient.uexp" 447
"C:/Users/asusz/Documents/Unreal Projects/MIMUWSurfers/Content/MsvFx_Niagara_Explosion_Pack_01/Resources/Texture/Pyro_Data/T_fire_explosion_pack_8x8_1024.ubulk" 448
"C:/Users/asusz/Documents/Unreal Projects/MIMUWSurfers/Content/MsvFx_Niagara_Explosion_Pack_01/Resources/Texture/Pyro_Data/T_fire_explosion_pack_8x8_1024.uasset" 449
"C:/Users/asusz/Documents/Unreal Projects/MIMUWSurfers/Content/MsvFx_Niagara_Explosion_Pack_01/Resources/Texture/Pyro_Data/T_fire_explosion_pack_8x8_1024.uexp" 450
"C:/Users/asusz/Documents/Unreal Projects/MIMUWSurfers/Content/MsvFx_Niagara_Explosion_Pack_01/Resources/Materials/MasterMTL/M_Pyro.uasset" 451
"C:/Users/asusz/Documents/Unreal Projects/MIMUWSurfers/Content/MsvFx_Niagara_Explosion_Pack_01/Resources/Materials/MasterMTL/M_Pyro.uexp" 452
"C:/Users/asusz/Documents/Unreal Projects/MIMUWSurfers/Content/MsvFx_Niagara_Explosion_Pack_01/Resources/Materials/InstanceMTL/MI_Pyro_Explosion_04.uasset" 453
"C:/Users/asusz/Documents/Unreal Projects/MIMUWSurfers/Content/MsvFx_Niagara_Explosion_Pack_01/Resources/Materials/InstanceMTL/MI_Pyro_Explosion_04.uexp" 454
"C:/Users/asusz/Documents/Unreal Projects/MIMUWSurfers/Content/MsvFx_Niagara_Explosion_Pack_01/Resources/Materials/InstanceMTL/MI_Pyro_Explosion_03.uasset" 455
"C:/Users/asusz/Documents/Unreal Projects/MIMUWSurfers/Content/MsvFx_Niagara_Explosion_Pack_01/Resources/Materials/InstanceMTL/MI_Pyro_Explosion_03.uexp" 456
"C:/Users/asusz/Documents/Unreal Projects/MIMUWSurfers/Content/Assets/Character/Niagara_Explosion_04.uasset" 457
"C:/Users/asusz/Documents/Unreal Projects/MIMUWSurfers/Content/Assets/Character/Niagara_Explosion_04.uexp" 458
"C:/Users/asusz/Documents/Unreal Projects/MIMUWSurfers/Content/Blueprints/BP_SurferCharacter.uasset" 459
"C:/Users/asusz/Documents/Unreal Projects/MIMUWSurfers/Content/Blueprints/BP_SurferCharacter.uexp" 460
"C:/Users/asusz/Documents/Unreal Projects/MIMUWSurfers/Content/Blueprints/BP_MIMUWSurfers_GameMode.uasset" 461
"C:/Users/asusz/Documents/Unreal Projects/MIMUWSurfers/Content/Blueprints/BP_MIMUWSurfers_GameMode.uexp" 462
"../../../Engine/Plugins/VirtualProduction/CameraCalibrationCore/Content/Materials/M_DefaultOddSquare.uasset" 463
"../../../Engine/Plugins/VirtualProduction/CameraCalibrationCore/Content/Materials/M_DefaultOddSquare.uexp" 464
"../../../Engine/Plugins/VirtualProduction/CameraCalibrationCore/Content/Materials/M_DefaultEvenSquare.uasset" 465
"../../../Engine/Plugins/VirtualProduction/CameraCalibrationCore/Content/Materials/M_DefaultEvenSquare.uexp" 466
"../../../Engine/Plugins/Runtime/HairStrands/Content/Materials/HairMeshesDefaultMaterial.uasset" 467
"../../../Engine/Plugins/Runtime/HairStrands/Content/Materials/HairMeshesDefaultMaterial.uexp" 468
"../../../Engine/Plugins/Runtime/HairStrands/Content/Materials/HairDefaultMaterial.uasset" 469
"../../../Engine/Plugins/Runtime/HairStrands/Content/Materials/HairDefaultMaterial.uexp" 470
"../../../Engine/Content/Functions/Engine_MaterialFunctions02/Utility/MakeFloat2.uasset" 471
"../../../Engine/Content/Functions/Engine_MaterialFunctions02/Utility/MakeFloat2.uexp" 472
"../../../Engine/Content/Functions/Engine_MaterialFunctions02/Utility/MakeFloat3.uasset" 473
"../../../Engine/Content/Functions/Engine_MaterialFunctions02/Utility/MakeFloat3.uexp" 474
"../../../Engine/Plugins/Runtime/HairStrands/Content/Materials/HairGroupColors.uasset" 475
"../../../Engine/Plugins/Runtime/HairStrands/Content/Materials/HairGroupColors.uexp" 476
"../../../Engine/Content/EngineMaterials/HairColorMap.uasset" 477
"../../../Engine/Content/EngineMaterials/HairColorMap.uexp" 478
"../../../Engine/Content/EngineMaterials/HairDebugColor.uasset" 479
"../../../Engine/Content/EngineMaterials/HairDebugColor.uexp" 480
"../../../Engine/Plugins/Runtime/HairStrands/Content/Materials/HairDebugMaterial.uasset" 481
"../../../Engine/Plugins/Runtime/HairStrands/Content/Materials/HairDebugMaterial.uexp" 482
"../../../Engine/Plugins/Runtime/HairStrands/Content/Materials/HairCardsDefaultMaterial.uasset" 483
"../../../Engine/Plugins/Runtime/HairStrands/Content/Materials/HairCardsDefaultMaterial.uexp" 484
"../../../Engine/Plugins/Runtime/AudioWidgets/Content/Resources/ScrubHandleDown_Clamped.uasset" 485
"../../../Engine/Plugins/Runtime/AudioWidgets/Content/Resources/ScrubHandleDown_Clamped.uexp" 486
"../../../Engine/Plugins/Interchange/Assets/Content/Functions/MX_UsdPreviewSurface.uasset" 487
"../../../Engine/Plugins/Interchange/Assets/Content/Functions/MX_UsdPreviewSurface.uexp" 488
"../../../Engine/Plugins/Interchange/Assets/Content/Functions/MX_UniformEDF.uasset" 489
"../../../Engine/Plugins/Interchange/Assets/Content/Functions/MX_UniformEDF.uexp" 490
"../../../Engine/Plugins/Interchange/Assets/Content/Functions/MX_TranslucentBSDF.uasset" 491
"../../../Engine/Plugins/Interchange/Assets/Content/Functions/MX_TranslucentBSDF.uexp" 492
"../../../Engine/Plugins/Interchange/Assets/Content/Functions/MX_ThinFilmBSDF.uasset" 493
"../../../Engine/Plugins/Interchange/Assets/Content/Functions/MX_ThinFilmBSDF.uexp" 494
"../../../Engine/Plugins/Interchange/Assets/Content/Functions/MX_SurfaceUnlit.uasset" 495
"../../../Engine/Plugins/Interchange/Assets/Content/Functions/MX_SurfaceUnlit.uexp" 496
"../../../Engine/Plugins/Interchange/Assets/Content/Functions/MX_Surface.uasset" 497
"../../../Engine/Plugins/Interchange/Assets/Content/Functions/MX_Surface.uexp" 498
"../../../Engine/Plugins/Interchange/Assets/Content/Functions/MX_SubsurfaceBSDF.uasset" 499
"../../../Engine/Plugins/Interchange/Assets/Content/Functions/MX_SubsurfaceBSDF.uexp" 500
"../../../Engine/Plugins/Interchange/Assets/Content/Functions/MX_SheenBSDF.uasset" 501
"../../../Engine/Plugins/Interchange/Assets/Content/Functions/MX_SheenBSDF.uexp" 502
"../../../Engine/Plugins/Interchange/Assets/Content/Functions/MX_OrenNayarBSDF.uasset" 503
"../../../Engine/Plugins/Interchange/Assets/Content/Functions/MX_OrenNayarBSDF.uexp" 504
"../../../Engine/Plugins/Interchange/Assets/Content/Functions/MF_IridescenceNoLUT.uasset" 505
"../../../Engine/Plugins/Interchange/Assets/Content/Functions/MF_IridescenceNoLUT.uexp" 506
"../../../Engine/Plugins/Interchange/Assets/Content/Functions/MX_StandardSurface.uasset" 507
"../../../Engine/Plugins/Interchange/Assets/Content/Functions/MX_StandardSurface.uexp" 508
"../../../Engine/Plugins/Interchange/Assets/Content/Functions/MX_TransmissionSurface.uasset" 509
"../../../Engine/Plugins/Interchange/Assets/Content/Functions/MX_TransmissionSurface.uexp" 510
"../../../Engine/Plugins/Interchange/Assets/Content/Functions/MX_OpenPBR_Translucent.uasset" 511
"../../../Engine/Plugins/Interchange/Assets/Content/Functions/MX_OpenPBR_Translucent.uexp" 512
"../../../Engine/Plugins/Interchange/Assets/Content/Functions/MX_OpenPBR_Opaque.uasset" 513
"../../../Engine/Plugins/Interchange/Assets/Content/Functions/MX_OpenPBR_Opaque.uexp" 514
"../../../Engine/Plugins/Interchange/Assets/Content/Functions/MX_MeasuredEDF.uasset" 515
"../../../Engine/Plugins/Interchange/Assets/Content/Functions/MX_MeasuredEDF.uexp" 516
"../../../Engine/Plugins/Interchange/Assets/Content/Functions/MX_GeneralizedSchlickBSDF.uasset" 517
"../../../Engine/Plugins/Interchange/Assets/Content/Functions/MX_GeneralizedSchlickBSDF.uexp" 518
"../../../Engine/Content/Functions/Engine_MaterialFunctions02/Utility/BlendAngleCorrectedNormals.uasset" 519
"../../../Engine/Content/Functions/Engine_MaterialFunctions02/Utility/BlendAngleCorrectedNormals.uexp" 520
"../../../Engine/Plugins/Interchange/Assets/Content/Functions/MX_Displacement.uasset" 521
"../../../Engine/Plugins/Interchange/Assets/Content/Functions/MX_Displacement.uexp" 522
"../../../Engine/Plugins/Interchange/Assets/Content/Functions/MX_DielectricBSDF.uasset" 523
"../../../Engine/Plugins/Interchange/Assets/Content/Functions/MX_DielectricBSDF.uexp" 524
"../../../Engine/Plugins/Interchange/Assets/Content/Functions/MX_ConicalEDF.uasset" 525
"../../../Engine/Plugins/Interchange/Assets/Content/Functions/MX_ConicalEDF.uexp" 526
"../../../Engine/Plugins/Interchange/Assets/Content/Functions/MX_ConductorBSDF.uasset" 527
"../../../Engine/Plugins/Interchange/Assets/Content/Functions/MX_ConductorBSDF.uexp" 528
"../../../Engine/Plugins/Interchange/Assets/Content/Functions/MX_BurleyDiffuseBSDF.uasset" 529
"../../../Engine/Plugins/Interchange/Assets/Content/Functions/MX_BurleyDiffuseBSDF.uexp" 530
"../../../Engine/Plugins/Interchange/Assets/Content/Functions/MX_AnisotropicVDF.uasset" 531
"../../../Engine/Plugins/Interchange/Assets/Content/Functions/MX_AnisotropicVDF.uexp" 532
"../../../Engine/Plugins/Interchange/Assets/Content/Functions/MX_AbsorptionVDF.uasset" 533
"../../../Engine/Plugins/Interchange/Assets/Content/Functions/MX_AbsorptionVDF.uexp" 534
"../../../Engine/Content/EditorMaterials/ParticleSystems/PSysThumbnail_OOD.ubulk" 535
"../../../Engine/Content/EditorMaterials/ParticleSystems/PSysThumbnail_OOD.uasset" 536
"../../../Engine/Content/EditorMaterials/ParticleSystems/PSysThumbnail_OOD.uexp" 537
"../../../Engine/Content/EditorMaterials/ParticleSystems/PSysThumbnail_NoImage.ubulk" 538
"../../../Engine/Content/EditorMaterials/ParticleSystems/PSysThumbnail_NoImage.uasset" 539
"../../../Engine/Content/EditorMaterials/ParticleSystems/PSysThumbnail_NoImage.uexp" 540
"../../../Engine/Content/EditorMaterials/Dataflow/DataflowVertexMaterial.uasset" 541
"../../../Engine/Content/EditorMaterials/Dataflow/DataflowVertexMaterial.uexp" 542
"../../../Engine/Content/EditorMaterials/Dataflow/DataflowTwoSidedVertexMaterial.uasset" 543
"../../../Engine/Content/EditorMaterials/Dataflow/DataflowTwoSidedVertexMaterial.uexp" 544
"../../../Engine/Content/EngineResources/FilmGrains/Marcie_Grain_v3_128_M2_000.uasset" 545
"../../../Engine/Content/EngineResources/FilmGrains/Marcie_Grain_v3_128_M2_000.uexp" 546
"../../../Engine/Content/EngineResources/Development/ZenLogo_64.uasset" 547
"../../../Engine/Content/EngineResources/Development/ZenLogo_64.uexp" 548
"../../../Engine/Content/EngineMaterials/LTC/Sheen_LTC.uasset" 549
"../../../Engine/Content/EngineMaterials/LTC/Sheen_LTC.uexp" 550
"../../../Engine/Content/EngineMaterials/LTC/GGX_LTCMat.uasset" 551
"../../../Engine/Content/EngineMaterials/LTC/GGX_LTCMat.uexp" 552
"../../../Engine/Content/EngineMaterials/LTC/GGX_LTCAmp.uasset" 553
"../../../Engine/Content/EngineMaterials/LTC/GGX_LTCAmp.uexp" 554
"../../../Engine/Content/EngineMaterials/EnergyConservation/Sheen_Energy.uasset" 555
"../../../Engine/Content/EngineMaterials/EnergyConservation/Sheen_Energy.uexp" 556
"../../../Engine/Content/EngineMaterials/EnergyConservation/SheenLegacy_Energy.uasset" 557
"../../../Engine/Content/EngineMaterials/EnergyConservation/SheenLegacy_Energy.uexp" 558
"../../../Engine/Content/EngineMaterials/EnergyConservation/GGX_TransmissionEnergyArray.uasset" 559
"../../../Engine/Content/EngineMaterials/EnergyConservation/GGX_TransmissionEnergyArray.uexp" 560
"../../../Engine/Content/EngineMaterials/EnergyConservation/GGX_ReflectionEnergy.uasset" 561
"../../../Engine/Content/EngineMaterials/EnergyConservation/GGX_ReflectionEnergy.uexp" 562
"../../../Engine/Content/EngineMaterials/EnergyConservation/Diffuse_Energy.uasset" 563
"../../../Engine/Content/EngineMaterials/EnergyConservation/Diffuse_Energy.uexp" 564
"../../../Engine/Content/EditorResources/SequenceRecorder/RecordingIndicator.uasset" 565
"../../../Engine/Content/EditorResources/SequenceRecorder/RecordingIndicator.uexp" 566
"../../../Engine/Content/EditorResources/SequenceRecorder/Countdown.uasset" 567
"../../../Engine/Content/EditorResources/SequenceRecorder/Countdown.uexp" 568
"../../../Engine/Content/EngineMaterials/T_Default_Material_Grid_M.ubulk" 569
"../../../Engine/Content/EngineMaterials/T_Default_Material_Grid_M.uasset" 570
"../../../Engine/Content/EngineMaterials/T_Default_Material_Grid_M.uexp" 571
"../../../Engine/Content/Functions/Engine_MaterialFunctions01/Opacity/CameraDepthFade.uasset" 572
"../../../Engine/Content/Functions/Engine_MaterialFunctions01/Opacity/CameraDepthFade.uexp" 573
"../../../Engine/Content/EngineMaterials/T_Default_Material_Grid_N.ubulk" 574
"../../../Engine/Content/EngineMaterials/T_Default_Material_Grid_N.uasset" 575
"../../../Engine/Content/EngineMaterials/T_Default_Material_Grid_N.uexp" 576
"../../../Engine/Content/EngineMaterials/WorldGridMaterial.uasset" 577
"../../../Engine/Content/EngineMaterials/WorldGridMaterial.uexp" 578
"../../../Engine/Content/ArtTools/RenderToTexture/Meshes/S_1_Unit_Plane.ubulk" 579
"../../../Engine/Content/ArtTools/RenderToTexture/Meshes/S_1_Unit_Plane.uasset" 580
"../../../Engine/Content/ArtTools/RenderToTexture/Meshes/S_1_Unit_Plane.uexp" 581
"../../../Engine/Content/Functions/Engine_MaterialFunctions01/Shading/PowerToRoughness.uasset" 582
"../../../Engine/Content/Functions/Engine_MaterialFunctions01/Shading/PowerToRoughness.uexp" 583
"../../../Engine/Content/Functions/Engine_MaterialFunctions01/Shading/ConvertFromDiffSpec.uasset" 584
"../../../Engine/Content/Functions/Engine_MaterialFunctions01/Shading/ConvertFromDiffSpec.uexp" 585
"../../../Engine/Content/EngineMeshes/Sphere.ubulk" 586
"../../../Engine/Content/EngineMeshes/Sphere.uasset" 587
"../../../Engine/Content/EngineMeshes/Sphere.uexp" 588
"../../../Engine/Content/EngineMaterials/Substrate/Glints2/AGlintTex2dArray2.uasset" 589
"../../../Engine/Content/EngineMaterials/Substrate/Glints2/AGlintTex2dArray2.uexp" 590
"../../../Engine/Content/EngineMaterials/Substrate/GLints/AGlintTex2dArray.uasset" 591
"../../../Engine/Content/EngineMaterials/Substrate/GLints/AGlintTex2dArray.uexp" 592
"../../../Engine/Content/VREditor/LaserPointer/VR_LaserPower_01.ubulk" 593
"../../../Engine/Content/VREditor/LaserPointer/VR_LaserPower_01.uasset" 594
"../../../Engine/Content/VREditor/LaserPointer/VR_LaserPower_01.uexp" 595
"../../../Engine/Content/VREditor/TransformGizmo/TransformGizmoMaterial.uasset" 596
"../../../Engine/Content/VREditor/TransformGizmo/TransformGizmoMaterial.uexp" 597
"../../../Engine/Content/VREditor/TransformGizmo/TranslucentTransformGizmoMaterial.uasset" 598
"../../../Engine/Content/VREditor/TransformGizmo/TranslucentTransformGizmoMaterial.uexp" 599
"../../../Engine/Content/VREditor/TransformGizmo/BoundingBoxCorner.ubulk" 600
"../../../Engine/Content/VREditor/TransformGizmo/BoundingBoxCorner.uasset" 601
"../../../Engine/Content/VREditor/TransformGizmo/BoundingBoxCorner.uexp" 602
"../../../Engine/Content/VREditor/TransformGizmo/BoundingBoxEdge.ubulk" 603
"../../../Engine/Content/VREditor/TransformGizmo/BoundingBoxEdge.uasset" 604
"../../../Engine/Content/VREditor/TransformGizmo/BoundingBoxEdge.uexp" 605
"../../../Engine/Content/VREditor/TransformGizmo/Xray.uasset" 606
"../../../Engine/Content/VREditor/TransformGizmo/Xray.uexp" 607
"../../../Engine/Content/VREditor/TransformGizmo/Main.uasset" 608
"../../../Engine/Content/VREditor/TransformGizmo/Main.uexp" 609
"../../../Engine/Content/VREditor/TransformGizmo/SM_Sequencer_Node.ubulk" 610
"../../../Engine/Content/VREditor/TransformGizmo/SM_Sequencer_Node.uasset" 611
"../../../Engine/Content/VREditor/TransformGizmo/SM_Sequencer_Node.uexp" 612
"../../../Engine/Content/EditorMaterials/Camera/CineMat.uasset" 613
"../../../Engine/Content/EditorMaterials/Camera/CineMat.uexp" 614
"../../../Engine/Content/EditorMaterials/Camera/MI_CineMat_Rig.uasset" 615
"../../../Engine/Content/EditorMaterials/Camera/MI_CineMat_Rig.uexp" 616
"../../../Engine/Content/EditorMeshes/Camera/SM_CraneRig_Arm.ubulk" 617
"../../../Engine/Content/EditorMeshes/Camera/SM_CraneRig_Arm.uasset" 618
"../../../Engine/Content/EditorMeshes/Camera/SM_CraneRig_Arm.uexp" 619
"../../../Engine/Content/EditorMeshes/Camera/SM_CraneRig_Base.ubulk" 620
"../../../Engine/Content/EditorMeshes/Camera/SM_CraneRig_Base.uasset" 621
"../../../Engine/Content/EditorMeshes/Camera/SM_CraneRig_Base.uexp" 622
"../../../Engine/Content/EditorMeshes/Camera/SM_CraneRig_Body.ubulk" 623
"../../../Engine/Content/EditorMeshes/Camera/SM_CraneRig_Body.uasset" 624
"../../../Engine/Content/EditorMeshes/Camera/SM_CraneRig_Body.uexp" 625
"../../../Engine/Content/EditorMeshes/Camera/SM_CraneRig_Mount.ubulk" 626
"../../../Engine/Content/EditorMeshes/Camera/SM_CraneRig_Mount.uasset" 627
"../../../Engine/Content/EditorMeshes/Camera/SM_CraneRig_Mount.uexp" 628
"../../../Engine/Content/EditorMeshes/Camera/SM_RailRig_Mount.ubulk" 629
"../../../Engine/Content/EditorMeshes/Camera/SM_RailRig_Mount.uasset" 630
"../../../Engine/Content/EditorMeshes/Camera/SM_RailRig_Mount.uexp" 631
"../../../Engine/Content/EditorMeshes/Camera/SM_RailRig_Track.ubulk" 632
"../../../Engine/Content/EditorMeshes/Camera/SM_RailRig_Track.uasset" 633
"../../../Engine/Content/EditorMeshes/Camera/SM_RailRig_Track.uexp" 634
"../../../Engine/Content/EngineMaterials/WeightMapPlaceholderTexture.uasset" 635
"../../../Engine/Content/EngineMaterials/WeightMapPlaceholderTexture.uexp" 636
"../../../Engine/Content/EngineMaterials/WeightMapArrayPlaceholderTexture.uasset" 637
"../../../Engine/Content/EngineMaterials/WeightMapArrayPlaceholderTexture.uexp" 638
"../../../Engine/Plugins/Animation/ControlRig/Content/Controls/ControlRig_Arrow2_1mm.ubulk" 639
"../../../Engine/Plugins/Animation/ControlRig/Content/Controls/ControlRig_Arrow2_1mm.uasset" 640
"../../../Engine/Plugins/Animation/ControlRig/Content/Controls/ControlRig_Arrow2_1mm.uexp" 641
"../../../Engine/Plugins/Animation/ControlRig/Content/Controls/ControlRig_Arrow2_3mm.ubulk" 642
"../../../Engine/Plugins/Animation/ControlRig/Content/Controls/ControlRig_Arrow2_3mm.uasset" 643
"../../../Engine/Plugins/Animation/ControlRig/Content/Controls/ControlRig_Arrow2_3mm.uexp" 644
"../../../Engine/Plugins/Animation/ControlRig/Content/Controls/ControlRig_Arrow2_solid.ubulk" 645
"../../../Engine/Plugins/Animation/ControlRig/Content/Controls/ControlRig_Arrow2_solid.uasset" 646
"../../../Engine/Plugins/Animation/ControlRig/Content/Controls/ControlRig_Arrow2_solid.uexp" 647
"../../../Engine/Plugins/Animation/ControlRig/Content/Controls/ControlRig_Arrow4_1mm.ubulk" 648
"../../../Engine/Plugins/Animation/ControlRig/Content/Controls/ControlRig_Arrow4_1mm.uasset" 649
"../../../Engine/Plugins/Animation/ControlRig/Content/Controls/ControlRig_Arrow4_1mm.uexp" 650
"../../../Engine/Plugins/Animation/ControlRig/Content/Controls/ControlRig_Arrow4_3mm.ubulk" 651
"../../../Engine/Plugins/Animation/ControlRig/Content/Controls/ControlRig_Arrow4_3mm.uasset" 652
"../../../Engine/Plugins/Animation/ControlRig/Content/Controls/ControlRig_Arrow4_3mm.uexp" 653
"../../../Engine/Plugins/Animation/ControlRig/Content/Controls/ControlRig_Arrow4_solid.ubulk" 654
"../../../Engine/Plugins/Animation/ControlRig/Content/Controls/ControlRig_Arrow4_solid.uasset" 655
"../../../Engine/Plugins/Animation/ControlRig/Content/Controls/ControlRig_Arrow4_solid.uexp" 656
"../../../Engine/Plugins/Animation/ControlRig/Content/Controls/ControlRig_Arrow_1mm.ubulk" 657
"../../../Engine/Plugins/Animation/ControlRig/Content/Controls/ControlRig_Arrow_1mm.uasset" 658
"../../../Engine/Plugins/Animation/ControlRig/Content/Controls/ControlRig_Arrow_1mm.uexp" 659
"../../../Engine/Plugins/Animation/ControlRig/Content/Controls/ControlRig_Arrow_3mm.ubulk" 660
"../../../Engine/Plugins/Animation/ControlRig/Content/Controls/ControlRig_Arrow_3mm.uasset" 661
"../../../Engine/Plugins/Animation/ControlRig/Content/Controls/ControlRig_Arrow_3mm.uexp" 662
"../../../Engine/Plugins/Animation/ControlRig/Content/Controls/ControlRig_Arrow_solid.ubulk" 663
"../../../Engine/Plugins/Animation/ControlRig/Content/Controls/ControlRig_Arrow_solid.uasset" 664
"../../../Engine/Plugins/Animation/ControlRig/Content/Controls/ControlRig_Arrow_solid.uexp" 665
"../../../Engine/Plugins/Animation/ControlRig/Content/Controls/ControlRig_Box_1mm.ubulk" 666
"../../../Engine/Plugins/Animation/ControlRig/Content/Controls/ControlRig_Box_1mm.uasset" 667
"../../../Engine/Plugins/Animation/ControlRig/Content/Controls/ControlRig_Box_1mm.uexp" 668
"../../../Engine/Plugins/Animation/ControlRig/Content/Controls/ControlRig_Box_3mm.ubulk" 669
"../../../Engine/Plugins/Animation/ControlRig/Content/Controls/ControlRig_Box_3mm.uasset" 670
"../../../Engine/Plugins/Animation/ControlRig/Content/Controls/ControlRig_Box_3mm.uexp" 671
"../../../Engine/Plugins/Animation/ControlRig/Content/Controls/ControlRig_Box_solid.ubulk" 672
"../../../Engine/Plugins/Animation/ControlRig/Content/Controls/ControlRig_Box_solid.uasset" 673
"../../../Engine/Plugins/Animation/ControlRig/Content/Controls/ControlRig_Box_solid.uexp" 674
"../../../Engine/Plugins/Animation/ControlRig/Content/Controls/ControlRig_Circle_1mm.ubulk" 675
"../../../Engine/Plugins/Animation/ControlRig/Content/Controls/ControlRig_Circle_1mm.uasset" 676
"../../../Engine/Plugins/Animation/ControlRig/Content/Controls/ControlRig_Circle_1mm.uexp" 677
"../../../Engine/Plugins/Animation/ControlRig/Content/Controls/ControlRig_Circle_3mm.ubulk" 678
"../../../Engine/Plugins/Animation/ControlRig/Content/Controls/ControlRig_Circle_3mm.uasset" 679
"../../../Engine/Plugins/Animation/ControlRig/Content/Controls/ControlRig_Circle_3mm.uexp" 680
"../../../Engine/Plugins/Animation/ControlRig/Content/Controls/ControlRig_Circle_solid.ubulk" 681
"../../../Engine/Plugins/Animation/ControlRig/Content/Controls/ControlRig_Circle_solid.uasset" 682
"../../../Engine/Plugins/Animation/ControlRig/Content/Controls/ControlRig_Circle_solid.uexp" 683
"../../../Engine/Plugins/Animation/ControlRig/Content/Controls/ControlRig_Diamond_1mm.ubulk" 684
"../../../Engine/Plugins/Animation/ControlRig/Content/Controls/ControlRig_Diamond_1mm.uasset" 685
"../../../Engine/Plugins/Animation/ControlRig/Content/Controls/ControlRig_Diamond_1mm.uexp" 686
"../../../Engine/Plugins/Animation/ControlRig/Content/Controls/ControlRig_Diamond_3mm.ubulk" 687
"../../../Engine/Plugins/Animation/ControlRig/Content/Controls/ControlRig_Diamond_3mm.uasset" 688
"../../../Engine/Plugins/Animation/ControlRig/Content/Controls/ControlRig_Diamond_3mm.uexp" 689
"../../../Engine/Plugins/Animation/ControlRig/Content/Controls/ControlRig_Diamond_solid.ubulk" 690
"../../../Engine/Plugins/Animation/ControlRig/Content/Controls/ControlRig_Diamond_solid.uasset" 691
"../../../Engine/Plugins/Animation/ControlRig/Content/Controls/ControlRig_Diamond_solid.uexp" 692
"../../../Engine/Plugins/Animation/ControlRig/Content/Controls/ControlRig_HalfCircle_1mm.ubulk" 693
"../../../Engine/Plugins/Animation/ControlRig/Content/Controls/ControlRig_HalfCircle_1mm.uasset" 694
"../../../Engine/Plugins/Animation/ControlRig/Content/Controls/ControlRig_HalfCircle_1mm.uexp" 695
"../../../Engine/Plugins/Animation/ControlRig/Content/Controls/ControlRig_HalfCircle_3mm.ubulk" 696
"../../../Engine/Plugins/Animation/ControlRig/Content/Controls/ControlRig_HalfCircle_3mm.uasset" 697
"../../../Engine/Plugins/Animation/ControlRig/Content/Controls/ControlRig_HalfCircle_3mm.uexp" 698
"../../../Engine/Plugins/Animation/ControlRig/Content/Controls/ControlRig_HalfCircle_solid.ubulk" 699
"../../../Engine/Plugins/Animation/ControlRig/Content/Controls/ControlRig_HalfCircle_solid.uasset" 700
"../../../Engine/Plugins/Animation/ControlRig/Content/Controls/ControlRig_HalfCircle_solid.uexp" 701
"../../../Engine/Plugins/Animation/ControlRig/Content/Controls/ControlRig_Hexagon_1mm.ubulk" 702
"../../../Engine/Plugins/Animation/ControlRig/Content/Controls/ControlRig_Hexagon_1mm.uasset" 703
"../../../Engine/Plugins/Animation/ControlRig/Content/Controls/ControlRig_Hexagon_1mm.uexp" 704
"../../../Engine/Plugins/Animation/ControlRig/Content/Controls/ControlRig_Hexagon_3mm.ubulk" 705
"../../../Engine/Plugins/Animation/ControlRig/Content/Controls/ControlRig_Hexagon_3mm.uasset" 706
"../../../Engine/Plugins/Animation/ControlRig/Content/Controls/ControlRig_Hexagon_3mm.uexp" 707
"../../../Engine/Plugins/Animation/ControlRig/Content/Controls/ControlRig_Hexagon_solid.ubulk" 708
"../../../Engine/Plugins/Animation/ControlRig/Content/Controls/ControlRig_Hexagon_solid.uasset" 709
"../../../Engine/Plugins/Animation/ControlRig/Content/Controls/ControlRig_Hexagon_solid.uexp" 710
"../../../Engine/Plugins/Animation/ControlRig/Content/Controls/ControlRig_Octagon_1mm.ubulk" 711
"../../../Engine/Plugins/Animation/ControlRig/Content/Controls/ControlRig_Octagon_1mm.uasset" 712
"../../../Engine/Plugins/Animation/ControlRig/Content/Controls/ControlRig_Octagon_1mm.uexp" 713
"../../../Engine/Plugins/Animation/ControlRig/Content/Controls/ControlRig_Octagon_3mm.ubulk" 714
"../../../Engine/Plugins/Animation/ControlRig/Content/Controls/ControlRig_Octagon_3mm.uasset" 715
"../../../Engine/Plugins/Animation/ControlRig/Content/Controls/ControlRig_Octagon_3mm.uexp" 716
"../../../Engine/Plugins/Animation/ControlRig/Content/Controls/ControlRig_Octagon_solid.ubulk" 717
"../../../Engine/Plugins/Animation/ControlRig/Content/Controls/ControlRig_Octagon_solid.uasset" 718
"../../../Engine/Plugins/Animation/ControlRig/Content/Controls/ControlRig_Octagon_solid.uexp" 719
"../../../Engine/Plugins/Animation/ControlRig/Content/Controls/ControlRig_Pyramid_1mm.ubulk" 720
"../../../Engine/Plugins/Animation/ControlRig/Content/Controls/ControlRig_Pyramid_1mm.uasset" 721
"../../../Engine/Plugins/Animation/ControlRig/Content/Controls/ControlRig_Pyramid_1mm.uexp" 722
"../../../Engine/Plugins/Animation/ControlRig/Content/Controls/ControlRig_Pyramid_3mm.ubulk" 723
"../../../Engine/Plugins/Animation/ControlRig/Content/Controls/ControlRig_Pyramid_3mm.uasset" 724
"../../../Engine/Plugins/Animation/ControlRig/Content/Controls/ControlRig_Pyramid_3mm.uexp" 725
"../../../Engine/Plugins/Animation/ControlRig/Content/Controls/ControlRig_Pyramid_solid.ubulk" 726
"../../../Engine/Plugins/Animation/ControlRig/Content/Controls/ControlRig_Pyramid_solid.uasset" 727
"../../../Engine/Plugins/Animation/ControlRig/Content/Controls/ControlRig_Pyramid_solid.uexp" 728
"../../../Engine/Plugins/Animation/ControlRig/Content/Controls/ControlRig_QuarterCircle_1mm.ubulk" 729
"../../../Engine/Plugins/Animation/ControlRig/Content/Controls/ControlRig_QuarterCircle_1mm.uasset" 730
"../../../Engine/Plugins/Animation/ControlRig/Content/Controls/ControlRig_QuarterCircle_1mm.uexp" 731
"../../../Engine/Plugins/Animation/ControlRig/Content/Controls/ControlRig_QuarterCircle_3mm.ubulk" 732
"../../../Engine/Plugins/Animation/ControlRig/Content/Controls/ControlRig_QuarterCircle_3mm.uasset" 733
"../../../Engine/Plugins/Animation/ControlRig/Content/Controls/ControlRig_QuarterCircle_3mm.uexp" 734
"../../../Engine/Plugins/Animation/ControlRig/Content/Controls/ControlRig_QuarterCircle_solid.ubulk" 735
"../../../Engine/Plugins/Animation/ControlRig/Content/Controls/ControlRig_QuarterCircle_solid.uasset" 736
"../../../Engine/Plugins/Animation/ControlRig/Content/Controls/ControlRig_QuarterCircle_solid.uexp" 737
"../../../Engine/Plugins/Animation/ControlRig/Content/Controls/ControlRig_RoundedSquare_1mm.ubulk" 738
"../../../Engine/Plugins/Animation/ControlRig/Content/Controls/ControlRig_RoundedSquare_1mm.uasset" 739
"../../../Engine/Plugins/Animation/ControlRig/Content/Controls/ControlRig_RoundedSquare_1mm.uexp" 740
"../../../Engine/Plugins/Animation/ControlRig/Content/Controls/ControlRig_RoundedSquare_3mm.ubulk" 741
"../../../Engine/Plugins/Animation/ControlRig/Content/Controls/ControlRig_RoundedSquare_3mm.uasset" 742
"../../../Engine/Plugins/Animation/ControlRig/Content/Controls/ControlRig_RoundedSquare_3mm.uexp" 743
"../../../Engine/Plugins/Animation/ControlRig/Content/Controls/ControlRig_RoundedSquare_solid.ubulk" 744
"../../../Engine/Plugins/Animation/ControlRig/Content/Controls/ControlRig_RoundedSquare_solid.uasset" 745
"../../../Engine/Plugins/Animation/ControlRig/Content/Controls/ControlRig_RoundedSquare_solid.uexp" 746
"../../../Engine/Plugins/Animation/ControlRig/Content/Controls/ControlRig_RoundedTriangle_1mm.ubulk" 747
"../../../Engine/Plugins/Animation/ControlRig/Content/Controls/ControlRig_RoundedTriangle_1mm.uasset" 748
"../../../Engine/Plugins/Animation/ControlRig/Content/Controls/ControlRig_RoundedTriangle_1mm.uexp" 749
"../../../Engine/Plugins/Animation/ControlRig/Content/Controls/ControlRig_RoundedTriangle_3mm.ubulk" 750
"../../../Engine/Plugins/Animation/ControlRig/Content/Controls/ControlRig_RoundedTriangle_3mm.uasset" 751
"../../../Engine/Plugins/Animation/ControlRig/Content/Controls/ControlRig_RoundedTriangle_3mm.uexp" 752
"../../../Engine/Plugins/Animation/ControlRig/Content/Controls/ControlRig_RoundedTriangle_solid.ubulk" 753
"../../../Engine/Plugins/Animation/ControlRig/Content/Controls/ControlRig_RoundedTriangle_solid.uasset" 754
"../../../Engine/Plugins/Animation/ControlRig/Content/Controls/ControlRig_RoundedTriangle_solid.uexp" 755
"../../../Engine/Plugins/Animation/ControlRig/Content/Controls/ControlRig_Sphere_1mm.ubulk" 756
"../../../Engine/Plugins/Animation/ControlRig/Content/Controls/ControlRig_Sphere_1mm.uasset" 757
"../../../Engine/Plugins/Animation/ControlRig/Content/Controls/ControlRig_Sphere_1mm.uexp" 758
"../../../Engine/Plugins/Animation/ControlRig/Content/Controls/ControlRig_Sphere_3mm.ubulk" 759
"../../../Engine/Plugins/Animation/ControlRig/Content/Controls/ControlRig_Sphere_3mm.uasset" 760
"../../../Engine/Plugins/Animation/ControlRig/Content/Controls/ControlRig_Sphere_3mm.uexp" 761
"../../../Engine/Plugins/Animation/ControlRig/Content/Controls/ControlRig_Sphere_solid.ubulk" 762
"../../../Engine/Plugins/Animation/ControlRig/Content/Controls/ControlRig_Sphere_solid.uasset" 763
"../../../Engine/Plugins/Animation/ControlRig/Content/Controls/ControlRig_Sphere_solid.uexp" 764
"../../../Engine/Plugins/Animation/ControlRig/Content/Controls/ControlRig_Square_1mm.ubulk" 765
"../../../Engine/Plugins/Animation/ControlRig/Content/Controls/ControlRig_Square_1mm.uasset" 766
"../../../Engine/Plugins/Animation/ControlRig/Content/Controls/ControlRig_Square_1mm.uexp" 767
"../../../Engine/Plugins/Animation/ControlRig/Content/Controls/ControlRig_Square_3mm.ubulk" 768
"../../../Engine/Plugins/Animation/ControlRig/Content/Controls/ControlRig_Square_3mm.uasset" 769
"../../../Engine/Plugins/Animation/ControlRig/Content/Controls/ControlRig_Square_3mm.uexp" 770
"../../../Engine/Plugins/Animation/ControlRig/Content/Controls/ControlRig_Square_solid.ubulk" 771
"../../../Engine/Plugins/Animation/ControlRig/Content/Controls/ControlRig_Square_solid.uasset" 772
"../../../Engine/Plugins/Animation/ControlRig/Content/Controls/ControlRig_Square_solid.uexp" 773
"../../../Engine/Plugins/Animation/ControlRig/Content/Controls/ControlRig_Star4_1mm.ubulk" 774
"../../../Engine/Plugins/Animation/ControlRig/Content/Controls/ControlRig_Star4_1mm.uasset" 775
"../../../Engine/Plugins/Animation/ControlRig/Content/Controls/ControlRig_Star4_1mm.uexp" 776
"../../../Engine/Plugins/Animation/ControlRig/Content/Controls/ControlRig_Star4_3mm.ubulk" 777
"../../../Engine/Plugins/Animation/ControlRig/Content/Controls/ControlRig_Star4_3mm.uasset" 778
"../../../Engine/Plugins/Animation/ControlRig/Content/Controls/ControlRig_Star4_3mm.uexp" 779
"../../../Engine/Plugins/Animation/ControlRig/Content/Controls/ControlRig_Star4_solid.ubulk" 780
"../../../Engine/Plugins/Animation/ControlRig/Content/Controls/ControlRig_Star4_solid.uasset" 781
"../../../Engine/Plugins/Animation/ControlRig/Content/Controls/ControlRig_Star4_solid.uexp" 782
"../../../Engine/Plugins/Animation/ControlRig/Content/Controls/ControlRig_Triangle_1mm.ubulk" 783
"../../../Engine/Plugins/Animation/ControlRig/Content/Controls/ControlRig_Triangle_1mm.uasset" 784
"../../../Engine/Plugins/Animation/ControlRig/Content/Controls/ControlRig_Triangle_1mm.uexp" 785
"../../../Engine/Plugins/Animation/ControlRig/Content/Controls/ControlRig_Triangle_3mm.ubulk" 786
"../../../Engine/Plugins/Animation/ControlRig/Content/Controls/ControlRig_Triangle_3mm.uasset" 787
"../../../Engine/Plugins/Animation/ControlRig/Content/Controls/ControlRig_Triangle_3mm.uexp" 788
"../../../Engine/Plugins/Animation/ControlRig/Content/Controls/ControlRig_Triangle_solid.ubulk" 789
"../../../Engine/Plugins/Animation/ControlRig/Content/Controls/ControlRig_Triangle_solid.uasset" 790
"../../../Engine/Plugins/Animation/ControlRig/Content/Controls/ControlRig_Triangle_solid.uexp" 791
"../../../Engine/Plugins/Animation/ControlRig/Content/Controls/ControlRig_Wedge_1mm.ubulk" 792
"../../../Engine/Plugins/Animation/ControlRig/Content/Controls/ControlRig_Wedge_1mm.uasset" 793
"../../../Engine/Plugins/Animation/ControlRig/Content/Controls/ControlRig_Wedge_1mm.uexp" 794
"../../../Engine/Plugins/Animation/ControlRig/Content/Controls/ControlRig_Wedge_3mm.ubulk" 795
"../../../Engine/Plugins/Animation/ControlRig/Content/Controls/ControlRig_Wedge_3mm.uasset" 796
"../../../Engine/Plugins/Animation/ControlRig/Content/Controls/ControlRig_Wedge_3mm.uexp" 797
"../../../Engine/Plugins/Animation/ControlRig/Content/Controls/ControlRig_Wedge_solid.ubulk" 798
"../../../Engine/Plugins/Animation/ControlRig/Content/Controls/ControlRig_Wedge_solid.uasset" 799
"../../../Engine/Plugins/Animation/ControlRig/Content/Controls/ControlRig_Wedge_solid.uexp" 800
"../../../Engine/Content/EditorLandscapeResources/SplineEditorMeshMat.uasset" 801
"../../../Engine/Content/EditorLandscapeResources/SplineEditorMeshMat.uexp" 802
"../../../Engine/Content/EditorLandscapeResources/SplineEditorMesh.ubulk" 803
"../../../Engine/Content/EditorLandscapeResources/SplineEditorMesh.uasset" 804
"../../../Engine/Content/EditorLandscapeResources/SplineEditorMesh.uexp" 805
"../../../Engine/Content/EngineMaterials/DefaultMaterial.uasset" 806
"../../../Engine/Content/EngineMaterials/DefaultMaterial.uexp" 807
"../../../Engine/Content/BasicShapes/Cone.ubulk" 808
"../../../Engine/Content/BasicShapes/Cone.uasset" 809
"../../../Engine/Content/BasicShapes/Cone.uexp" 810
"../../../Engine/Content/BasicShapes/Cylinder.ubulk" 811
"../../../Engine/Content/BasicShapes/Cylinder.uasset" 812
"../../../Engine/Content/BasicShapes/Cylinder.uexp" 813
"../../../Engine/Content/BasicShapes/Plane.ubulk" 814
"../../../Engine/Content/BasicShapes/Plane.uasset" 815
"../../../Engine/Content/BasicShapes/Plane.uexp" 816
"../../../Engine/Content/BasicShapes/Sphere.ubulk" 817
"../../../Engine/Content/BasicShapes/Sphere.uasset" 818
"../../../Engine/Content/BasicShapes/Sphere.uexp" 819
"../../../Engine/Plugins/Media/MediaPlate/Content/SM_MediaPlateScreen.ubulk" 820
"../../../Engine/Plugins/Media/MediaPlate/Content/SM_MediaPlateScreen.uasset" 821
"../../../Engine/Plugins/Media/MediaPlate/Content/SM_MediaPlateScreen.uexp" 822
"../../../Engine/Content/EngineResources/DefaultTextureCube.uasset" 823
"../../../Engine/Content/EngineResources/DefaultTextureCube.uexp" 824
"C:/Users/asusz/Documents/Unreal Projects/MIMUWSurfers/Content/Man/Mesh/Full/SK_Man_Full_04.uasset" 825
"C:/Users/asusz/Documents/Unreal Projects/MIMUWSurfers/Content/Man/Mesh/Full/SK_Man_Full_04.uexp" 826
"../../../Engine/Content/EngineMaterials/Substrate/Volume/SubstrateSimpleVolumeEnvLUT3D.uasset" 827
"../../../Engine/Content/EngineMaterials/Substrate/Volume/SubstrateSimpleVolumeEnvLUT3D.uexp" 828
"../../../Engine/Content/EngineMaterials/Substrate/Volume/SubstrateSimpleVolumeLUT3D.uasset" 829
"../../../Engine/Content/EngineMaterials/Substrate/Volume/SubstrateSimpleVolumeLUT3D.uexp" 830
"../../../Engine/Plugins/Interchange/Assets/Content/Utilities/New_LUT.uasset" 831
"../../../Engine/Plugins/Interchange/Assets/Content/Utilities/New_LUT.uexp" 832
"../../../Engine/Content/Functions/Engine_MaterialFunctions03/Math/RemapValueRange.uasset" 833
"../../../Engine/Content/Functions/Engine_MaterialFunctions03/Math/RemapValueRange.uexp" 834
"../../../Engine/Plugins/Interchange/Assets/Content/Functions/MF_Iridescence.uasset" 835
"../../../Engine/Plugins/Interchange/Assets/Content/Functions/MF_Iridescence.uexp" 836
"../../../Engine/Plugins/Interchange/Assets/Content/gltf/Textures/T_White_srgb.uasset" 837
"../../../Engine/Plugins/Interchange/Assets/Content/gltf/Textures/T_White_srgb.uexp" 838
"../../../Engine/Plugins/Interchange/Assets/Content/gltf/MaterialFunctions/MF_BaseColor.uasset" 839
"../../../Engine/Plugins/Interchange/Assets/Content/gltf/MaterialFunctions/MF_BaseColor.uexp" 840
"../../../Engine/Plugins/Interchange/Assets/Content/gltf/MaterialFunctions/MF_RotateV2.uasset" 841
"../../../Engine/Plugins/Interchange/Assets/Content/gltf/MaterialFunctions/MF_RotateV2.uexp" 842
"../../../Engine/Plugins/Interchange/Assets/Content/gltf/MaterialFunctions/MF_TransformUVs.uasset" 843
"../../../Engine/Plugins/Interchange/Assets/Content/gltf/MaterialFunctions/MF_TransformUVs.uexp" 844
"../../../Engine/Plugins/Interchange/Assets/Content/gltf/MaterialFunctions/MF_IOR.uasset" 845
"../../../Engine/Plugins/Interchange/Assets/Content/gltf/MaterialFunctions/MF_IOR.uexp" 846
"../../../Engine/Plugins/Interchange/Assets/Content/gltf/MaterialFunctions/MF_Iridescence.uasset" 847
"../../../Engine/Plugins/Interchange/Assets/Content/gltf/MaterialFunctions/MF_Iridescence.uexp" 848
"../../../Engine/Plugins/Interchange/Assets/Content/gltf/Textures/T_White_Linear.uasset" 849
"../../../Engine/Plugins/Interchange/Assets/Content/gltf/Textures/T_White_Linear.uexp" 850
"../../../Engine/Plugins/Interchange/Assets/Content/gltf/MaterialFunctions/MF_MetallicRoughness.uasset" 851
"../../../Engine/Plugins/Interchange/Assets/Content/gltf/MaterialFunctions/MF_MetallicRoughness.uexp" 852
"../../../Engine/Content/Functions/Engine_MaterialFunctions02/Math/Transform3x3Matrix.uasset" 853
"../../../Engine/Content/Functions/Engine_MaterialFunctions02/Math/Transform3x3Matrix.uexp" 854
"../../../Engine/Plugins/Interchange/Assets/Content/gltf/MaterialFunctions/MF_RotateNormals_TS.uasset" 855
"../../../Engine/Plugins/Interchange/Assets/Content/gltf/MaterialFunctions/MF_RotateNormals_TS.uexp" 856
"../../../Engine/Plugins/Interchange/Assets/Content/gltf/MaterialFunctions/MF_ScaleNormal.uasset" 857
"../../../Engine/Plugins/Interchange/Assets/Content/gltf/MaterialFunctions/MF_ScaleNormal.uexp" 858
"../../../Engine/Plugins/Interchange/Assets/Content/gltf/Textures/T_Generic_N.uasset" 859
"../../../Engine/Plugins/Interchange/Assets/Content/gltf/Textures/T_Generic_N.uexp" 860
"../../../Engine/Plugins/Interchange/Assets/Content/gltf/MaterialFunctions/MF_Normals.uasset" 861
"../../../Engine/Plugins/Interchange/Assets/Content/gltf/MaterialFunctions/MF_Normals.uexp" 862
"../../../Engine/Plugins/Interchange/Assets/Content/gltf/MaterialFunctions/MF_Occlusion.uasset" 863
"../../../Engine/Plugins/Interchange/Assets/Content/gltf/MaterialFunctions/MF_Occlusion.uexp" 864
"../../../Engine/Plugins/Interchange/Assets/Content/gltf/MaterialFunctions/MF_Specular.uasset" 865
"../../../Engine/Plugins/Interchange/Assets/Content/gltf/MaterialFunctions/MF_Specular.uexp" 866
"../../../Engine/Plugins/Interchange/Assets/Content/gltf/Textures/T_Anisotropy_Direction_Linear.uasset" 867
"../../../Engine/Plugins/Interchange/Assets/Content/gltf/Textures/T_Anisotropy_Direction_Linear.uexp" 868
"../../../Engine/Plugins/Interchange/Assets/Content/gltf/MaterialFunctions/MF_SpecularAnisotropy.uasset" 869
"../../../Engine/Plugins/Interchange/Assets/Content/gltf/MaterialFunctions/MF_SpecularAnisotropy.uexp" 870
"../../../Engine/Plugins/Interchange/Assets/Content/gltf/MaterialFunctions/MF_Emissive.uasset" 871
"../../../Engine/Plugins/Interchange/Assets/Content/gltf/MaterialFunctions/MF_Emissive.uexp" 872
"../../../Engine/Plugins/Interchange/Assets/Content/gltf/MaterialFunctions/MF_Clearcoat.uasset" 873
"../../../Engine/Plugins/Interchange/Assets/Content/gltf/MaterialFunctions/MF_Clearcoat.uexp" 874
"../../../Engine/Plugins/Interchange/Assets/Content/gltf/MaterialBodies/MF_ClearCoat_Body.uasset" 875
"../../../Engine/Plugins/Interchange/Assets/Content/gltf/MaterialBodies/MF_ClearCoat_Body.uexp" 876
"../../../Engine/Plugins/Interchange/Assets/Content/gltf/M_ClearCoat.uasset" 877
"../../../Engine/Plugins/Interchange/Assets/Content/gltf/M_ClearCoat.uexp" 878
"../../../Engine/Plugins/Interchange/Assets/Content/gltf/MaterialInstances/MI_ClearCoat_Blend.uasset" 879
"../../../Engine/Plugins/Interchange/Assets/Content/gltf/MaterialInstances/MI_ClearCoat_Blend.uexp" 880
"../../../Engine/Plugins/Interchange/Assets/Content/gltf/MaterialInstances/MI_ClearCoat_Blend_DS.uasset" 881
"../../../Engine/Plugins/Interchange/Assets/Content/gltf/MaterialInstances/MI_ClearCoat_Blend_DS.uexp" 882
"../../../Engine/Plugins/Interchange/Assets/Content/gltf/MaterialInstances/MI_ClearCoat_Mask.uasset" 883
"../../../Engine/Plugins/Interchange/Assets/Content/gltf/MaterialInstances/MI_ClearCoat_Mask.uexp" 884
"../../../Engine/Plugins/Interchange/Assets/Content/gltf/MaterialInstances/MI_ClearCoat_Mask_DS.uasset" 885
"../../../Engine/Plugins/Interchange/Assets/Content/gltf/MaterialInstances/MI_ClearCoat_Mask_DS.uexp" 886
"../../../Engine/Plugins/Interchange/Assets/Content/gltf/MaterialInstances/MI_ClearCoat_Opaque.uasset" 887
"../../../Engine/Plugins/Interchange/Assets/Content/gltf/MaterialInstances/MI_ClearCoat_Opaque.uexp" 888
"../../../Engine/Plugins/Interchange/Assets/Content/gltf/MaterialInstances/MI_ClearCoat_Opaque_DS.uasset" 889
"../../../Engine/Plugins/Interchange/Assets/Content/gltf/MaterialInstances/MI_ClearCoat_Opaque_DS.uexp" 890
"../../../Engine/Plugins/Interchange/Assets/Content/gltf/MaterialBodies/MF_Default_Body.uasset" 891
"../../../Engine/Plugins/Interchange/Assets/Content/gltf/MaterialBodies/MF_Default_Body.uexp" 892
"../../../Engine/Plugins/Interchange/Assets/Content/gltf/M_Default.uasset" 893
"../../../Engine/Plugins/Interchange/Assets/Content/gltf/M_Default.uexp" 894
"../../../Engine/Plugins/Interchange/Assets/Content/gltf/MaterialInstances/MI_Default_Blend.uasset" 895
"../../../Engine/Plugins/Interchange/Assets/Content/gltf/MaterialInstances/MI_Default_Blend.uexp" 896
"../../../Engine/Plugins/Interchange/Assets/Content/gltf/MaterialInstances/MI_Default_Blend_DS.uasset" 897
"../../../Engine/Plugins/Interchange/Assets/Content/gltf/MaterialInstances/MI_Default_Blend_DS.uexp" 898
"../../../Engine/Plugins/Interchange/Assets/Content/gltf/MaterialInstances/MI_Default_Mask.uasset" 899
"../../../Engine/Plugins/Interchange/Assets/Content/gltf/MaterialInstances/MI_Default_Mask.uexp" 900
"../../../Engine/Plugins/Interchange/Assets/Content/gltf/MaterialInstances/MI_Default_Mask_DS.uasset" 901
"../../../Engine/Plugins/Interchange/Assets/Content/gltf/MaterialInstances/MI_Default_Mask_DS.uexp" 902
"../../../Engine/Plugins/Interchange/Assets/Content/gltf/MaterialInstances/MI_Default_Opaque.uasset" 903
"../../../Engine/Plugins/Interchange/Assets/Content/gltf/MaterialInstances/MI_Default_Opaque.uexp" 904
"../../../Engine/Plugins/Interchange/Assets/Content/gltf/MaterialInstances/MI_Default_Opaque_DS.uasset" 905
"../../../Engine/Plugins/Interchange/Assets/Content/gltf/MaterialInstances/MI_Default_Opaque_DS.uexp" 906
"../../../Engine/Plugins/Interchange/Assets/Content/gltf/MaterialFunctions/MF_Sheen.uasset" 907
"../../../Engine/Plugins/Interchange/Assets/Content/gltf/MaterialFunctions/MF_Sheen.uexp" 908
"../../../Engine/Plugins/Interchange/Assets/Content/gltf/MaterialBodies/MF_Sheen_Body.uasset" 909
"../../../Engine/Plugins/Interchange/Assets/Content/gltf/MaterialBodies/MF_Sheen_Body.uexp" 910
"../../../Engine/Plugins/Interchange/Assets/Content/gltf/M_Sheen.uasset" 911
"../../../Engine/Plugins/Interchange/Assets/Content/gltf/M_Sheen.uexp" 912
"../../../Engine/Plugins/Interchange/Assets/Content/gltf/MaterialInstances/MI_Sheen_Blend.uasset" 913
"../../../Engine/Plugins/Interchange/Assets/Content/gltf/MaterialInstances/MI_Sheen_Blend.uexp" 914
"../../../Engine/Plugins/Interchange/Assets/Content/gltf/MaterialInstances/MI_Sheen_Blend_DS.uasset" 915
"../../../Engine/Plugins/Interchange/Assets/Content/gltf/MaterialInstances/MI_Sheen_Blend_DS.uexp" 916
"../../../Engine/Plugins/Interchange/Assets/Content/gltf/MaterialInstances/MI_Sheen_Mask.uasset" 917
"../../../Engine/Plugins/Interchange/Assets/Content/gltf/MaterialInstances/MI_Sheen_Mask.uexp" 918
"../../../Engine/Plugins/Interchange/Assets/Content/gltf/MaterialInstances/MI_Sheen_Mask_DS.uasset" 919
"../../../Engine/Plugins/Interchange/Assets/Content/gltf/MaterialInstances/MI_Sheen_Mask_DS.uexp" 920
"../../../Engine/Plugins/Interchange/Assets/Content/gltf/MaterialInstances/MI_Sheen_Opaque.uasset" 921
"../../../Engine/Plugins/Interchange/Assets/Content/gltf/MaterialInstances/MI_Sheen_Opaque.uexp" 922
"../../../Engine/Plugins/Interchange/Assets/Content/gltf/MaterialInstances/MI_Sheen_Opaque_DS.uasset" 923
"../../../Engine/Plugins/Interchange/Assets/Content/gltf/MaterialInstances/MI_Sheen_Opaque_DS.uexp" 924
"../../../Engine/Content/Functions/Engine_MaterialFunctions02/Math/AddComponents.uasset" 925
"../../../Engine/Content/Functions/Engine_MaterialFunctions02/Math/AddComponents.uexp" 926
"../../../Engine/Plugins/Interchange/Assets/Content/gltf/MaterialFunctions/MF_DiffuseSpecGloss.uasset" 927
"../../../Engine/Plugins/Interchange/Assets/Content/gltf/MaterialFunctions/MF_DiffuseSpecGloss.uexp" 928
"../../../Engine/Plugins/Interchange/Assets/Content/gltf/MaterialFunctions/MF_MaxComponentValue.uasset" 929
"../../../Engine/Plugins/Interchange/Assets/Content/gltf/MaterialFunctions/MF_MaxComponentValue.uexp" 930
"../../../Engine/Plugins/Interchange/Assets/Content/gltf/MaterialFunctions/MF_PerceivedBrightness.uasset" 931
"../../../Engine/Plugins/Interchange/Assets/Content/gltf/MaterialFunctions/MF_PerceivedBrightness.uexp" 932
"../../../Engine/Plugins/Interchange/Assets/Content/gltf/MaterialFunctions/MF_SpecGlossToMetalRoughness.uasset" 933
"../../../Engine/Plugins/Interchange/Assets/Content/gltf/MaterialFunctions/MF_SpecGlossToMetalRoughness.uexp" 934
"../../../Engine/Plugins/Interchange/Assets/Content/gltf/MaterialBodies/MF_SpecularGlossiness_Body.uasset" 935
"../../../Engine/Plugins/Interchange/Assets/Content/gltf/MaterialBodies/MF_SpecularGlossiness_Body.uexp" 936
"../../../Engine/Plugins/Interchange/Assets/Content/gltf/M_SpecularGlossiness.uasset" 937
"../../../Engine/Plugins/Interchange/Assets/Content/gltf/M_SpecularGlossiness.uexp" 938
"../../../Engine/Plugins/Interchange/Assets/Content/gltf/MaterialInstances/MI_SpecularGlossiness_Blend.uasset" 939
"../../../Engine/Plugins/Interchange/Assets/Content/gltf/MaterialInstances/MI_SpecularGlossiness_Blend.uexp" 940
"../../../Engine/Plugins/Interchange/Assets/Content/gltf/MaterialInstances/MI_SpecularGlossiness_Blend_DS.uasset" 941
"../../../Engine/Plugins/Interchange/Assets/Content/gltf/MaterialInstances/MI_SpecularGlossiness_Blend_DS.uexp" 942
"../../../Engine/Plugins/Interchange/Assets/Content/gltf/MaterialInstances/MI_SpecularGlossiness_Mask.uasset" 943
"../../../Engine/Plugins/Interchange/Assets/Content/gltf/MaterialInstances/MI_SpecularGlossiness_Mask.uexp" 944
"../../../Engine/Plugins/Interchange/Assets/Content/gltf/MaterialInstances/MI_SpecularGlossiness_Mask_DS.uasset" 945
"../../../Engine/Plugins/Interchange/Assets/Content/gltf/MaterialInstances/MI_SpecularGlossiness_Mask_DS.uexp" 946
"../../../Engine/Plugins/Interchange/Assets/Content/gltf/MaterialInstances/MI_SpecularGlossiness_Opaque.uasset" 947
"../../../Engine/Plugins/Interchange/Assets/Content/gltf/MaterialInstances/MI_SpecularGlossiness_Opaque.uexp" 948
"../../../Engine/Plugins/Interchange/Assets/Content/gltf/MaterialInstances/MI_SpecularGlossiness_Opaque_DS.uasset" 949
"../../../Engine/Plugins/Interchange/Assets/Content/gltf/MaterialInstances/MI_SpecularGlossiness_Opaque_DS.uexp" 950
"../../../Engine/Content/EngineMaterials/Good64x64TilingNoiseHighFreq.uasset" 951
"../../../Engine/Content/EngineMaterials/Good64x64TilingNoiseHighFreq.uexp" 952
"../../../Engine/Content/Functions/Engine_MaterialFunctions02/Texturing/ScreenAlignedPixelToPixelUVs.uasset" 953
"../../../Engine/Content/Functions/Engine_MaterialFunctions02/Texturing/ScreenAlignedPixelToPixelUVs.uexp" 954
"../../../Engine/Plugins/Interchange/Assets/Content/gltf/MaterialFunctions/MF_Fresnel_DS.uasset" 955
"../../../Engine/Plugins/Interchange/Assets/Content/gltf/MaterialFunctions/MF_Fresnel_DS.uexp" 956
"../../../Engine/Plugins/Interchange/Assets/Content/gltf/MaterialFunctions/MF_Temporal_Blur.uasset" 957
"../../../Engine/Plugins/Interchange/Assets/Content/gltf/MaterialFunctions/MF_Temporal_Blur.uexp" 958
"../../../Engine/Plugins/Interchange/Assets/Content/gltf/MaterialFunctions/MF_Transmission.uasset" 959
"../../../Engine/Plugins/Interchange/Assets/Content/gltf/MaterialFunctions/MF_Transmission.uexp" 960
"../../../Engine/Plugins/Interchange/Assets/Content/gltf/MaterialBodies/MF_Transmission_Body.uasset" 961
"../../../Engine/Plugins/Interchange/Assets/Content/gltf/MaterialBodies/MF_Transmission_Body.uexp" 962
"../../../Engine/Plugins/Interchange/Assets/Content/gltf/M_Transmission.uasset" 963
"../../../Engine/Plugins/Interchange/Assets/Content/gltf/M_Transmission.uexp" 964
"../../../Engine/Plugins/Interchange/Assets/Content/gltf/MaterialInstances/MI_Transmission.uasset" 965
"../../../Engine/Plugins/Interchange/Assets/Content/gltf/MaterialInstances/MI_Transmission.uexp" 966
"../../../Engine/Plugins/Interchange/Assets/Content/gltf/MaterialInstances/MI_Transmission_DS.uasset" 967
"../../../Engine/Plugins/Interchange/Assets/Content/gltf/MaterialInstances/MI_Transmission_DS.uexp" 968
"../../../Engine/Plugins/Interchange/Assets/Content/gltf/MaterialBodies/MF_Unlit_Body.uasset" 969
"../../../Engine/Plugins/Interchange/Assets/Content/gltf/MaterialBodies/MF_Unlit_Body.uexp" 970
"../../../Engine/Plugins/Interchange/Assets/Content/gltf/M_Unlit.uasset" 971
"../../../Engine/Plugins/Interchange/Assets/Content/gltf/M_Unlit.uexp" 972
"../../../Engine/Plugins/Interchange/Assets/Content/gltf/MaterialInstances/MI_Unlit_Blend.uasset" 973
"../../../Engine/Plugins/Interchange/Assets/Content/gltf/MaterialInstances/MI_Unlit_Blend.uexp" 974
"../../../Engine/Plugins/Interchange/Assets/Content/gltf/MaterialInstances/MI_Unlit_Blend_DS.uasset" 975
"../../../Engine/Plugins/Interchange/Assets/Content/gltf/MaterialInstances/MI_Unlit_Blend_DS.uexp" 976
"../../../Engine/Plugins/Interchange/Assets/Content/gltf/MaterialInstances/MI_Unlit_Mask.uasset" 977
"../../../Engine/Plugins/Interchange/Assets/Content/gltf/MaterialInstances/MI_Unlit_Mask.uexp" 978
"../../../Engine/Plugins/Interchange/Assets/Content/gltf/MaterialInstances/MI_Unlit_Mask_DS.uasset" 979
"../../../Engine/Plugins/Interchange/Assets/Content/gltf/MaterialInstances/MI_Unlit_Mask_DS.uexp" 980
"../../../Engine/Plugins/Interchange/Assets/Content/gltf/MaterialInstances/MI_Unlit_Opaque.uasset" 981
"../../../Engine/Plugins/Interchange/Assets/Content/gltf/MaterialInstances/MI_Unlit_Opaque.uexp" 982
"../../../Engine/Plugins/Interchange/Assets/Content/gltf/MaterialInstances/MI_Unlit_Opaque_DS.uasset" 983
"../../../Engine/Plugins/Interchange/Assets/Content/gltf/MaterialInstances/MI_Unlit_Opaque_DS.uexp" 984
"../../../Engine/Content/EngineResources/WhiteSquareTexture.uasset" 985
"../../../Engine/Content/EngineResources/WhiteSquareTexture.uexp" 986
"../../../Engine/Content/EngineMaterials/Widget3DPassThrough.uasset" 987
"../../../Engine/Content/EngineMaterials/Widget3DPassThrough.uexp" 988
"../../../Engine/Content/EngineMaterials/Widget3DPassThrough_Masked.uasset" 989
"../../../Engine/Content/EngineMaterials/Widget3DPassThrough_Masked.uexp" 990
"../../../Engine/Content/EngineMaterials/Widget3DPassThrough_Opaque.uasset" 991
"../../../Engine/Content/EngineMaterials/Widget3DPassThrough_Opaque.uexp" 992
"../../../Engine/Content/EngineMaterials/Widget3DPassThrough_Masked_OneSided.uasset" 993
"../../../Engine/Content/EngineMaterials/Widget3DPassThrough_Masked_OneSided.uexp" 994
"../../../Engine/Content/EngineMaterials/Widget3DPassThrough_Opaque_OneSided.uasset" 995
"../../../Engine/Content/EngineMaterials/Widget3DPassThrough_Opaque_OneSided.uexp" 996
"../../../Engine/Content/EngineMaterials/Widget3DPassThrough_Translucent.uasset" 997
"../../../Engine/Content/EngineMaterials/Widget3DPassThrough_Translucent.uexp" 998
"../../../Engine/Content/EngineMaterials/Widget3DPassThrough_Translucent_OneSided.uasset" 999
"../../../Engine/Content/EngineMaterials/Widget3DPassThrough_Translucent_OneSided.uexp" 1000
"../../../Engine/Content/EngineResources/LandscapeVisibilityLayerInfo.uasset" 1001
"../../../Engine/Content/EngineResources/LandscapeVisibilityLayerInfo.uexp" 1002
"../../../Engine/Content/VREditor/Sounds/UI/Drop_Item_From_ContentBrowser.ubulk" 1003
"../../../Engine/Content/VREditor/Sounds/UI/Drop_Item_From_ContentBrowser.uasset" 1004
"../../../Engine/Content/VREditor/Sounds/UI/Drop_Item_From_ContentBrowser.uexp" 1005
"../../../Engine/Content/VREditor/TransformGizmo/TransformGizmoMaterial_Inst.uasset" 1006
"../../../Engine/Content/VREditor/TransformGizmo/TransformGizmoMaterial_Inst.uexp" 1007
"../../../Engine/Content/VREditor/TransformGizmo/TranslucentTransformGizmoMaterial_Inst.uasset" 1008
"../../../Engine/Content/VREditor/TransformGizmo/TranslucentTransformGizmoMaterial_Inst.uexp" 1009
"../../../Engine/Content/Functions/Engine_MaterialFunctions02/SplitComponents.uasset" 1010
"../../../Engine/Content/Functions/Engine_MaterialFunctions02/SplitComponents.uexp" 1011
"../../../Engine/Content/VREditor/SnapGrid/SnapGridMaterial.uasset" 1012
"../../../Engine/Content/VREditor/SnapGrid/SnapGridMaterial.uexp" 1013
"../../../Engine/Content/VREditor/SnapGrid/SnapGridPlaneMesh.ubulk" 1014
"../../../Engine/Content/VREditor/SnapGrid/SnapGridPlaneMesh.uasset" 1015
"../../../Engine/Content/VREditor/SnapGrid/SnapGridPlaneMesh.uexp" 1016
"../../../Engine/Content/VREditor/Sounds/UI/Gizmo_Handle_Clicked.ubulk" 1017
"../../../Engine/Content/VREditor/Sounds/UI/Gizmo_Handle_Clicked.uasset" 1018
"../../../Engine/Content/VREditor/Sounds/UI/Gizmo_Handle_Clicked.uexp" 1019
"../../../Engine/Content/VREditor/Sounds/UI/Object_PickUp.ubulk" 1020
"../../../Engine/Content/VREditor/Sounds/UI/Object_PickUp.uasset" 1021
"../../../Engine/Content/VREditor/Sounds/UI/Object_PickUp.uexp" 1022
"../../../Engine/Content/VREditor/Sounds/UI/Object_Snaps_To_Another_Actor.ubulk" 1023
"../../../Engine/Content/VREditor/Sounds/UI/Object_Snaps_To_Another_Actor.uasset" 1024
"../../../Engine/Content/VREditor/Sounds/UI/Object_Snaps_To_Another_Actor.uexp" 1025
"../../../Engine/Content/VREditor/Sounds/UI/Object_Snaps_To_Grid.ubulk" 1026
"../../../Engine/Content/VREditor/Sounds/UI/Object_Snaps_To_Grid.uasset" 1027
"../../../Engine/Content/VREditor/Sounds/UI/Object_Snaps_To_Grid.uexp" 1028
"../../../Engine/Content/VREditor/Sounds/UI/Scaling_Down.ubulk" 1029
"../../../Engine/Content/VREditor/Sounds/UI/Scaling_Down.uasset" 1030
"../../../Engine/Content/VREditor/Sounds/UI/Scaling_Down.uexp" 1031
"../../../Engine/Content/VREditor/Sounds/UI/Scaling_Up.ubulk" 1032
"../../../Engine/Content/VREditor/Sounds/UI/Scaling_Up.uasset" 1033
"../../../Engine/Content/VREditor/Sounds/UI/Scaling_Up.uexp" 1034
"../../../Engine/Content/VREditor/Sounds/UI/Selection_Changes.ubulk" 1035
"../../../Engine/Content/VREditor/Sounds/UI/Selection_Changes.uasset" 1036
"../../../Engine/Content/VREditor/Sounds/UI/Selection_Changes.uexp" 1037
"../../../Engine/Content/VREditor/TransformGizmo/PlaneTranslationHandle.ubulk" 1038
"../../../Engine/Content/VREditor/TransformGizmo/PlaneTranslationHandle.uasset" 1039
"../../../Engine/Content/VREditor/TransformGizmo/PlaneTranslationHandle.uexp" 1040
"../../../Engine/Content/VREditor/TransformGizmo/RotationHandleFull.ubulk" 1041
"../../../Engine/Content/VREditor/TransformGizmo/RotationHandleFull.uasset" 1042
"../../../Engine/Content/VREditor/TransformGizmo/RotationHandleFull.uexp" 1043
"../../../Engine/Content/VREditor/TransformGizmo/RotationHandleIndicator.ubulk" 1044
"../../../Engine/Content/VREditor/TransformGizmo/RotationHandleIndicator.uasset" 1045
"../../../Engine/Content/VREditor/TransformGizmo/RotationHandleIndicator.uexp" 1046
"../../../Engine/Content/VREditor/TransformGizmo/RotationHandleQuarter.ubulk" 1047
"../../../Engine/Content/VREditor/TransformGizmo/RotationHandleQuarter.uasset" 1048
"../../../Engine/Content/VREditor/TransformGizmo/RotationHandleQuarter.uexp" 1049
"../../../Engine/Content/VREditor/TransformGizmo/StartRotationHandleIndicator.ubulk" 1050
"../../../Engine/Content/VREditor/TransformGizmo/StartRotationHandleIndicator.uasset" 1051
"../../../Engine/Content/VREditor/TransformGizmo/StartRotationHandleIndicator.uexp" 1052
"../../../Engine/Content/VREditor/TransformGizmo/TransformGizmoFreeRotation.ubulk" 1053
"../../../Engine/Content/VREditor/TransformGizmo/TransformGizmoFreeRotation.uasset" 1054
"../../../Engine/Content/VREditor/TransformGizmo/TransformGizmoFreeRotation.uexp" 1055
"../../../Engine/Content/VREditor/TransformGizmo/TranslateArrowHandle.ubulk" 1056
"../../../Engine/Content/VREditor/TransformGizmo/TranslateArrowHandle.uasset" 1057
"../../../Engine/Content/VREditor/TransformGizmo/TranslateArrowHandle.uexp" 1058
"../../../Engine/Content/VREditor/TransformGizmo/UniformScaleHandle.ubulk" 1059
"../../../Engine/Content/VREditor/TransformGizmo/UniformScaleHandle.uasset" 1060
"../../../Engine/Content/VREditor/TransformGizmo/UniformScaleHandle.uexp" 1061
"../../../Engine/Content/EditorLandscapeResources/ColorMaskBrushMaterial.uasset" 1062
"../../../Engine/Content/EditorLandscapeResources/ColorMaskBrushMaterial.uexp" 1063
"../../../Engine/Content/EditorLandscapeResources/ColorMaskBrushMaterial_MaskedRegion.uasset" 1064
"../../../Engine/Content/EditorLandscapeResources/ColorMaskBrushMaterial_MaskedRegion.uexp" 1065
"../../../Engine/Content/Functions/Engine_MaterialFunctions03/Math/WithinRangeFloat2.uasset" 1066
"../../../Engine/Content/Functions/Engine_MaterialFunctions03/Math/WithinRangeFloat2.uexp" 1067
"../../../Engine/Content/EditorLandscapeResources/MaskBrushMaterial.uasset" 1068
"../../../Engine/Content/EditorLandscapeResources/MaskBrushMaterial.uexp" 1069
"../../../Engine/Content/EditorLandscapeResources/MaskBrushMaterial_MaskedRegion.uasset" 1070
"../../../Engine/Content/EditorLandscapeResources/MaskBrushMaterial_MaskedRegion.uexp" 1071
"../../../Engine/Content/EditorLandscapeResources/SelectBrushMaterial.uasset" 1072
"../../../Engine/Content/EditorLandscapeResources/SelectBrushMaterial.uexp" 1073
"../../../Engine/Content/EditorLandscapeResources/SelectBrushMaterial_Selected.uasset" 1074
"../../../Engine/Content/EditorLandscapeResources/SelectBrushMaterial_Selected.uexp" 1075
"../../../Engine/Content/EditorLandscapeResources/SelectBrushMaterial_SelectedRegion.uasset" 1076
"../../../Engine/Content/EditorLandscapeResources/SelectBrushMaterial_SelectedRegion.uexp" 1077
"../../../Engine/Plugins/NNE/NNEDenoiser/Content/NNE_oidn2-3-0_rt_hdr_alb_nrm_small__dyn__fp16_opset11_DenoiseAlpha.uasset" 1078
"../../../Engine/Plugins/NNE/NNEDenoiser/Content/NNE_oidn2-3-0_rt_hdr_alb_nrm_small__dyn__fp16_opset11_DenoiseAlpha.uexp" 1079
"../../../Engine/Plugins/NNE/NNEDenoiser/Content/NNE_oidn2-3-0_rt_hdr_alb_nrm_small__dyn__fp16_opset11_ForwardAlpha.uasset" 1080
"../../../Engine/Plugins/NNE/NNEDenoiser/Content/NNE_oidn2-3-0_rt_hdr_alb_nrm_small__dyn__fp16_opset11_ForwardAlpha.uexp" 1081
"../../../Engine/Plugins/NNE/NNEDenoiser/Content/NNE_oidn2-3-0_rt_hdr_alb_nrm__dyn__fp16_opset11_DenoiseAlpha.uasset" 1082
"../../../Engine/Plugins/NNE/NNEDenoiser/Content/NNE_oidn2-3-0_rt_hdr_alb_nrm__dyn__fp16_opset11_DenoiseAlpha.uexp" 1083
"../../../Engine/Plugins/NNE/NNEDenoiser/Content/NNE_oidn2-3-0_rt_hdr_alb_nrm__dyn__fp16_opset11_ForwardAlpha.uasset" 1084
"../../../Engine/Plugins/NNE/NNEDenoiser/Content/NNE_oidn2-3-0_rt_hdr_alb_nrm__dyn__fp16_opset11_ForwardAlpha.uexp" 1085
"../../../Engine/Plugins/NNE/NNEDenoiser/Content/NNE_oidn2-3-0_rt_hdr_calb_cnrm_large__dyn__fp16_opset11_DenoiseAlpha.uasset" 1086
"../../../Engine/Plugins/NNE/NNEDenoiser/Content/NNE_oidn2-3-0_rt_hdr_calb_cnrm_large__dyn__fp16_opset11_DenoiseAlpha.uexp" 1087
"../../../Engine/Plugins/NNE/NNEDenoiser/Content/NNE_oidn2-3-0_rt_hdr_calb_cnrm_large__dyn__fp16_opset11_ForwardAlpha.uasset" 1088
"../../../Engine/Plugins/NNE/NNEDenoiser/Content/NNE_oidn2-3-0_rt_hdr_calb_cnrm_large__dyn__fp16_opset11_ForwardAlpha.uexp" 1089
"../../../Engine/Plugins/2D/Paper2D/Content/DefaultSpriteMaterial.uasset" 1090
"../../../Engine/Plugins/2D/Paper2D/Content/DefaultSpriteMaterial.uexp" 1091
"../../../Engine/Plugins/2D/Paper2D/Content/MaskedUnlitSpriteMaterial.uasset" 1092
"../../../Engine/Plugins/2D/Paper2D/Content/MaskedUnlitSpriteMaterial.uexp" 1093
"../../../Engine/Plugins/2D/Paper2D/Content/OpaqueUnlitSpriteMaterial.uasset" 1094
"../../../Engine/Plugins/2D/Paper2D/Content/OpaqueUnlitSpriteMaterial.uexp" 1095
"../../../Engine/Plugins/Animation/DeformerGraph/Content/DeformerFunctions/DG_Function_LinearBlendSkin_Morph_Cloth.uasset" 1096
"../../../Engine/Plugins/Animation/DeformerGraph/Content/DeformerFunctions/DG_Function_LinearBlendSkin_Morph_Cloth.uexp" 1097
"../../../Engine/Plugins/Animation/DeformerGraph/Content/Deformers/DG_LinearBlendSkin_Morph_Cloth.uasset" 1098
"../../../Engine/Plugins/Animation/DeformerGraph/Content/Deformers/DG_LinearBlendSkin_Morph_Cloth.uexp" 1099
"../../../Engine/Plugins/Animation/DeformerGraph/Content/DeformerFunctions/DG_Function_LinearBlendSkin_Morph_Cloth_PositionOnly.uasset" 1100
"../../../Engine/Plugins/Animation/DeformerGraph/Content/DeformerFunctions/DG_Function_LinearBlendSkin_Morph_Cloth_PositionOnly.uexp" 1101
"../../../Engine/Plugins/Animation/DeformerGraph/Content/DeformerFunctions/DG_Function_ComputeNormalsTangents.uasset" 1102
"../../../Engine/Plugins/Animation/DeformerGraph/Content/DeformerFunctions/DG_Function_ComputeNormalsTangents.uexp" 1103
"../../../Engine/Plugins/Animation/DeformerGraph/Content/Deformers/DG_LinearBlendSkin_Morph_Cloth_RecomputeNormals.uasset" 1104
"../../../Engine/Plugins/Animation/DeformerGraph/Content/Deformers/DG_LinearBlendSkin_Morph_Cloth_RecomputeNormals.uexp" 1105
"../../../Engine/Plugins/NNE/NNEDenoiser/Content/NNEDT_Oidn2-3_Balanced.uasset" 1106
"../../../Engine/Plugins/NNE/NNEDenoiser/Content/NNEDT_Oidn2-3_Balanced.uexp" 1107
"../../../Engine/Plugins/NNE/NNEDenoiser/Content/NNEDT_Oidn2-3_Balanced_Alpha.uasset" 1108
"../../../Engine/Plugins/NNE/NNEDenoiser/Content/NNEDT_Oidn2-3_Balanced_Alpha.uexp" 1109
"../../../Engine/Plugins/NNE/NNEDenoiser/Content/NNED_Oidn2-3_Balanced.uasset" 1110
"../../../Engine/Plugins/NNE/NNEDenoiser/Content/NNED_Oidn2-3_Balanced.uexp" 1111
"../../../Engine/Plugins/NNE/NNEDenoiser/Content/NNED_Oidn2-3_Balanced_Alpha.uasset" 1112
"../../../Engine/Plugins/NNE/NNEDenoiser/Content/NNED_Oidn2-3_Balanced_Alpha.uexp" 1113
"../../../Engine/Plugins/NNE/NNEDenoiser/Content/NNED_Oidn2-3_Fast.uasset" 1114
"../../../Engine/Plugins/NNE/NNEDenoiser/Content/NNED_Oidn2-3_Fast.uexp" 1115
"../../../Engine/Plugins/NNE/NNEDenoiser/Content/NNED_Oidn2-3_Fast_Alpha.uasset" 1116
"../../../Engine/Plugins/NNE/NNEDenoiser/Content/NNED_Oidn2-3_Fast_Alpha.uexp" 1117
"../../../Engine/Plugins/NNE/NNEDenoiser/Content/NNED_Oidn2-3_HighQuality.uasset" 1118
"../../../Engine/Plugins/NNE/NNEDenoiser/Content/NNED_Oidn2-3_HighQuality.uexp" 1119
"../../../Engine/Plugins/NNE/NNEDenoiser/Content/NNED_Oidn2-3_HighQuality_Alpha.uasset" 1120
"../../../Engine/Plugins/NNE/NNEDenoiser/Content/NNED_Oidn2-3_HighQuality_Alpha.uexp" 1121
"../../../Engine/Content/MapTemplates/SM_Template_Map_Floor.ubulk" 1122
"../../../Engine/Content/MapTemplates/SM_Template_Map_Floor.uasset" 1123
"../../../Engine/Content/MapTemplates/SM_Template_Map_Floor.uexp" 1124
"../../../Engine/Content/EngineSky/VolumetricClouds/VT_PerlinWorley_Balanced.uasset" 1125
"../../../Engine/Content/EngineSky/VolumetricClouds/VT_PerlinWorley_Balanced.uexp" 1126
"../../../Engine/Content/EngineSky/VolumetricClouds/T_Profile_08.ubulk" 1127
"../../../Engine/Content/EngineSky/VolumetricClouds/T_Profile_08.uasset" 1128
"../../../Engine/Content/EngineSky/VolumetricClouds/T_Profile_08.uexp" 1129
"../../../Engine/Content/EngineSky/VolumetricClouds/T_CloudPattern.ubulk" 1130
"../../../Engine/Content/EngineSky/VolumetricClouds/T_CloudPattern.uasset" 1131
"../../../Engine/Content/EngineSky/VolumetricClouds/T_CloudPattern.uexp" 1132
"../../../Engine/Content/EngineSky/VolumetricClouds/T_CloudMask.ubulk" 1133
"../../../Engine/Content/EngineSky/VolumetricClouds/T_CloudMask.uasset" 1134
"../../../Engine/Content/EngineSky/VolumetricClouds/T_CloudMask.uexp" 1135
"../../../Engine/Content/Functions/Engine_MaterialFunctions02/Utility/BreakOutFloat4Components.uasset" 1136
"../../../Engine/Content/Functions/Engine_MaterialFunctions02/Utility/BreakOutFloat4Components.uexp" 1137
"../../../Engine/Content/Functions/Engine_MaterialFunctions02/Utility/MakeFloat4.uasset" 1138
"../../../Engine/Content/Functions/Engine_MaterialFunctions02/Utility/MakeFloat4.uexp" 1139
"../../../Engine/Content/EngineResources/DefaultVolumeTexture2D.uasset" 1140
"../../../Engine/Content/EngineResources/DefaultVolumeTexture2D.uexp" 1141
"../../../Engine/Content/EngineResources/DefaultVolumeTexture.uasset" 1142
"../../../Engine/Content/EngineResources/DefaultVolumeTexture.uexp" 1143
"../../../Engine/Content/EngineSky/VolumetricClouds/VT_Lightning.uasset" 1144
"../../../Engine/Content/EngineSky/VolumetricClouds/VT_Lightning.uexp" 1145
"../../../Engine/Content/Functions/Engine_MaterialFunctions01/Units/Km-to-Cm.uasset" 1146
"../../../Engine/Content/Functions/Engine_MaterialFunctions01/Units/Km-to-Cm.uexp" 1147
"../../../Engine/Content/EngineSky/VolumetricClouds/m_SimpleVolumetricCloud.uasset" 1148
"../../../Engine/Content/EngineSky/VolumetricClouds/m_SimpleVolumetricCloud.uexp" 1149
"../../../Engine/Content/EngineSky/VolumetricClouds/m_SimpleVolumetricCloud_Inst.uasset" 1150
"../../../Engine/Content/EngineSky/VolumetricClouds/m_SimpleVolumetricCloud_Inst.uexp" 1151
"../../../Engine/Content/EngineMaterials/BlendFunc_DefBlend.uasset" 1152
"../../../Engine/Content/EngineMaterials/BlendFunc_DefBlend.uexp" 1153
"../../../Engine/Content/EngineMaterials/BlendFunc_DefBase.uasset" 1154
"../../../Engine/Content/EngineMaterials/BlendFunc_DefBase.uexp" 1155
"../../../Engine/Content/Functions/Engine_MaterialFunctions03/Blends/Blend_Overlay.uasset" 1156
"../../../Engine/Content/Functions/Engine_MaterialFunctions03/Blends/Blend_Overlay.uexp" 1157
"../../../Engine/Content/Functions/Engine_MaterialFunctions01/Gradient/LinearGradient.uasset" 1158
"../../../Engine/Content/Functions/Engine_MaterialFunctions01/Gradient/LinearGradient.uexp" 1159
"../../../Engine/Content/OpenWorldTemplate/LandscapeMaterial/T_GridChecker_A.ubulk" 1160
"../../../Engine/Content/OpenWorldTemplate/LandscapeMaterial/T_GridChecker_A.uasset" 1161
"../../../Engine/Content/OpenWorldTemplate/LandscapeMaterial/T_GridChecker_A.uexp" 1162
"../../../Engine/Content/Functions/Engine_MaterialFunctions01/ImageAdjustment/CheapContrast.uasset" 1163
"../../../Engine/Content/Functions/Engine_MaterialFunctions01/ImageAdjustment/CheapContrast.uexp" 1164
"../../../Engine/Content/OpenWorldTemplate/LandscapeMaterial/MF_ProcGrid.uasset" 1165
"../../../Engine/Content/OpenWorldTemplate/LandscapeMaterial/MF_ProcGrid.uexp" 1166
"../../../Engine/Content/OpenWorldTemplate/LandscapeMaterial/M_ProcGrid.uasset" 1167
"../../../Engine/Content/OpenWorldTemplate/LandscapeMaterial/M_ProcGrid.uexp" 1168
"../../../Engine/Content/OpenWorldTemplate/LandscapeMaterial/MI_ProcGrid.uasset" 1169
"../../../Engine/Content/OpenWorldTemplate/LandscapeMaterial/MI_ProcGrid.uexp" 1170
"C:/Users/asusz/Documents/Unreal Projects/MIMUWSurfers/Content/Music/subway_surfers_wav.ubulk" 1171
"C:/Users/asusz/Documents/Unreal Projects/MIMUWSurfers/Content/Music/subway_surfers_wav.uasset" 1172
"C:/Users/asusz/Documents/Unreal Projects/MIMUWSurfers/Content/Music/subway_surfers_wav.uexp" 1173
"C:/Users/asusz/Documents/Unreal Projects/MIMUWSurfers/Content/Music/SC_mimuw_surfers.uasset" 1174
"C:/Users/asusz/Documents/Unreal Projects/MIMUWSurfers/Content/Music/SC_mimuw_surfers.uexp" 1175
"../../../Engine/Content/BasicShapes/Cube.ubulk" 1176
"../../../Engine/Content/BasicShapes/Cube.uasset" 1177
"../../../Engine/Content/BasicShapes/Cube.uexp" 1178
"../../../Engine/Content/EngineDebugMaterials/VertexColorViewMode_RedOnly.uasset" 1179
"../../../Engine/Content/EngineDebugMaterials/VertexColorViewMode_RedOnly.uexp" 1180
"../../../Engine/Content/EngineMeshes/Cube.ubulk" 1181
"../../../Engine/Content/EngineMeshes/Cube.uasset" 1182
"../../../Engine/Content/EngineMeshes/Cube.uexp" 1183
"C:/Users/asusz/Documents/Unreal Projects/MIMUWSurfers/Content/Blueprints/Obstacles/BP_Spike.uasset" 1184
"C:/Users/asusz/Documents/Unreal Projects/MIMUWSurfers/Content/Blueprints/Obstacles/BP_Spike.uexp" 1185
"C:/Users/asusz/Documents/Unreal Projects/MIMUWSurfers/Content/Construction_VOL1/Textures/Unique/TX_Trafficbarrier_RMA.ubulk" 1186
"C:/Users/asusz/Documents/Unreal Projects/MIMUWSurfers/Content/Construction_VOL1/Textures/Unique/TX_Trafficbarrier_RMA.uasset" 1187
"C:/Users/asusz/Documents/Unreal Projects/MIMUWSurfers/Content/Construction_VOL1/Textures/Unique/TX_Trafficbarrier_RMA.uexp" 1188
"C:/Users/asusz/Documents/Unreal Projects/MIMUWSurfers/Content/Construction_VOL1/Textures/Unique/TX_Trafficbarrier_NRM.ubulk" 1189
"C:/Users/asusz/Documents/Unreal Projects/MIMUWSurfers/Content/Construction_VOL1/Textures/Unique/TX_Trafficbarrier_NRM.uasset" 1190
"C:/Users/asusz/Documents/Unreal Projects/MIMUWSurfers/Content/Construction_VOL1/Textures/Unique/TX_Trafficbarrier_NRM.uexp" 1191
"C:/Users/asusz/Documents/Unreal Projects/MIMUWSurfers/Content/Construction_VOL1/Textures/Unique/TX_Trafficbarrier_ALB.ubulk" 1192
"C:/Users/asusz/Documents/Unreal Projects/MIMUWSurfers/Content/Construction_VOL1/Textures/Unique/TX_Trafficbarrier_ALB.uasset" 1193
"C:/Users/asusz/Documents/Unreal Projects/MIMUWSurfers/Content/Construction_VOL1/Textures/Unique/TX_Trafficbarrier_ALB.uexp" 1194
"../../../Engine/Content/Functions/MaterialLayerFunctions/MatLayerBlend_Simple.uasset" 1195
"../../../Engine/Content/Functions/MaterialLayerFunctions/MatLayerBlend_Simple.uexp" 1196
"../../../Engine/Content/Functions/MaterialLayerFunctions/MatLayerBlend_BreakBaseColor.uasset" 1197
"../../../Engine/Content/Functions/MaterialLayerFunctions/MatLayerBlend_BreakBaseColor.uexp" 1198
"C:/Users/asusz/Documents/Unreal Projects/MIMUWSurfers/Content/Construction_VOL1/Textures/Utility/TX_Fill_01_RMA.ubulk" 1199
"C:/Users/asusz/Documents/Unreal Projects/MIMUWSurfers/Content/Construction_VOL1/Textures/Utility/TX_Fill_01_RMA.uasset" 1200
"C:/Users/asusz/Documents/Unreal Projects/MIMUWSurfers/Content/Construction_VOL1/Textures/Utility/TX_Fill_01_RMA.uexp" 1201
"C:/Users/asusz/Documents/Unreal Projects/MIMUWSurfers/Content/Construction_VOL1/Textures/Utility/TX_Fill_01_NRM.ubulk" 1202
"C:/Users/asusz/Documents/Unreal Projects/MIMUWSurfers/Content/Construction_VOL1/Textures/Utility/TX_Fill_01_NRM.uasset" 1203
"C:/Users/asusz/Documents/Unreal Projects/MIMUWSurfers/Content/Construction_VOL1/Textures/Utility/TX_Fill_01_NRM.uexp" 1204
"C:/Users/asusz/Documents/Unreal Projects/MIMUWSurfers/Content/Construction_VOL1/Textures/Utility/TX_Fill_01_ALB.ubulk" 1205
"C:/Users/asusz/Documents/Unreal Projects/MIMUWSurfers/Content/Construction_VOL1/Textures/Utility/TX_Fill_01_ALB.uasset" 1206
"C:/Users/asusz/Documents/Unreal Projects/MIMUWSurfers/Content/Construction_VOL1/Textures/Utility/TX_Fill_01_ALB.uexp" 1207
"C:/Users/asusz/Documents/Unreal Projects/MIMUWSurfers/Content/Construction_VOL1/Textures/Tileable/TX_Noise_NRM.ubulk" 1208
"C:/Users/asusz/Documents/Unreal Projects/MIMUWSurfers/Content/Construction_VOL1/Textures/Tileable/TX_Noise_NRM.uasset" 1209
"C:/Users/asusz/Documents/Unreal Projects/MIMUWSurfers/Content/Construction_VOL1/Textures/Tileable/TX_Noise_NRM.uexp" 1210
"C:/Users/asusz/Documents/Unreal Projects/MIMUWSurfers/Content/Construction_VOL1/Textures/Tileable/TX_Micro_MASK.ubulk" 1211
"C:/Users/asusz/Documents/Unreal Projects/MIMUWSurfers/Content/Construction_VOL1/Textures/Tileable/TX_Micro_MASK.uasset" 1212
"C:/Users/asusz/Documents/Unreal Projects/MIMUWSurfers/Content/Construction_VOL1/Textures/Tileable/TX_Micro_MASK.uexp" 1213
"C:/Users/asusz/Documents/Unreal Projects/MIMUWSurfers/Content/Construction_VOL1/Materials/Functions/MF_MicroDetail_01a.uasset" 1214
"C:/Users/asusz/Documents/Unreal Projects/MIMUWSurfers/Content/Construction_VOL1/Materials/Functions/MF_MicroDetail_01a.uexp" 1215
"C:/Users/asusz/Documents/Unreal Projects/MIMUWSurfers/Content/Construction_VOL1/Textures/Tileable/TX_Dirt_01_ALB.ubulk" 1216
"C:/Users/asusz/Documents/Unreal Projects/MIMUWSurfers/Content/Construction_VOL1/Textures/Tileable/TX_Dirt_01_ALB.uasset" 1217
"C:/Users/asusz/Documents/Unreal Projects/MIMUWSurfers/Content/Construction_VOL1/Textures/Tileable/TX_Dirt_01_ALB.uexp" 1218
"C:/Users/asusz/Documents/Unreal Projects/MIMUWSurfers/Content/Construction_VOL1/Materials/Functions/MI_VertexBlend_02a.uasset" 1219
"C:/Users/asusz/Documents/Unreal Projects/MIMUWSurfers/Content/Construction_VOL1/Materials/Functions/MI_VertexBlend_02a.uexp" 1220
"C:/Users/asusz/Documents/Unreal Projects/MIMUWSurfers/Content/Construction_VOL1/Materials/Masters/MM_MasterMaterial_01.uasset" 1221
"C:/Users/asusz/Documents/Unreal Projects/MIMUWSurfers/Content/Construction_VOL1/Materials/Masters/MM_MasterMaterial_01.uexp" 1222
"C:/Users/asusz/Documents/Unreal Projects/MIMUWSurfers/Content/Construction_VOL1/Materials/Instances/MI_Trafficbarrier_01a.uasset" 1223
"C:/Users/asusz/Documents/Unreal Projects/MIMUWSurfers/Content/Construction_VOL1/Materials/Instances/MI_Trafficbarrier_01a.uexp" 1224
"C:/Users/asusz/Documents/Unreal Projects/MIMUWSurfers/Content/Assets/Obstacles/SM_Trafic_Tex1.ubulk" 1225
"C:/Users/asusz/Documents/Unreal Projects/MIMUWSurfers/Content/Assets/Obstacles/SM_Trafic_Tex1.uasset" 1226
"C:/Users/asusz/Documents/Unreal Projects/MIMUWSurfers/Content/Assets/Obstacles/SM_Trafic_Tex1.uexp" 1227
"C:/Users/asusz/Documents/Unreal Projects/MIMUWSurfers/Content/Blueprints/Obstacles/BP_Obstacle1.uasset" 1228
"C:/Users/asusz/Documents/Unreal Projects/MIMUWSurfers/Content/Blueprints/Obstacles/BP_Obstacle1.uexp" 1229
"C:/Users/asusz/Documents/Unreal Projects/MIMUWSurfers/Content/Construction_VOL1/Textures/Unique/TX_PortableWaterTank_01_RMA.ubulk" 1230
"C:/Users/asusz/Documents/Unreal Projects/MIMUWSurfers/Content/Construction_VOL1/Textures/Unique/TX_PortableWaterTank_01_RMA.uasset" 1231
"C:/Users/asusz/Documents/Unreal Projects/MIMUWSurfers/Content/Construction_VOL1/Textures/Unique/TX_PortableWaterTank_01_RMA.uexp" 1232
"C:/Users/asusz/Documents/Unreal Projects/MIMUWSurfers/Content/Construction_VOL1/Textures/Unique/TX_PortableWaterTank_01_NRM.ubulk" 1233
"C:/Users/asusz/Documents/Unreal Projects/MIMUWSurfers/Content/Construction_VOL1/Textures/Unique/TX_PortableWaterTank_01_NRM.uasset" 1234
"C:/Users/asusz/Documents/Unreal Projects/MIMUWSurfers/Content/Construction_VOL1/Textures/Unique/TX_PortableWaterTank_01_NRM.uexp" 1235
"C:/Users/asusz/Documents/Unreal Projects/MIMUWSurfers/Content/Construction_VOL1/Textures/Unique/TX_PortableWaterTank_01_ALB.ubulk" 1236
"C:/Users/asusz/Documents/Unreal Projects/MIMUWSurfers/Content/Construction_VOL1/Textures/Unique/TX_PortableWaterTank_01_ALB.uasset" 1237
"C:/Users/asusz/Documents/Unreal Projects/MIMUWSurfers/Content/Construction_VOL1/Textures/Unique/TX_PortableWaterTank_01_ALB.uexp" 1238
"C:/Users/asusz/Documents/Unreal Projects/MIMUWSurfers/Content/Construction_VOL1/Materials/Instances/MI_WaterTank_01a.uasset" 1239
"C:/Users/asusz/Documents/Unreal Projects/MIMUWSurfers/Content/Construction_VOL1/Materials/Instances/MI_WaterTank_01a.uexp" 1240
"C:/Users/asusz/Documents/Unreal Projects/MIMUWSurfers/Content/Assets/Road/SM_WaterTank_01a.ubulk" 1241
"C:/Users/asusz/Documents/Unreal Projects/MIMUWSurfers/Content/Assets/Road/SM_WaterTank_01a.uasset" 1242
"C:/Users/asusz/Documents/Unreal Projects/MIMUWSurfers/Content/Assets/Road/SM_WaterTank_01a.uexp" 1243
"../../../Engine/Content/EngineResources/DefaultTexture.ubulk" 1244
"../../../Engine/Content/EngineResources/DefaultTexture.uasset" 1245
"../../../Engine/Content/EngineResources/DefaultTexture.uexp" 1246
"C:/Users/asusz/Documents/Unreal Projects/MIMUWSurfers/Content/Assets/Road/road-img.uasset" 1247
"C:/Users/asusz/Documents/Unreal Projects/MIMUWSurfers/Content/Assets/Road/road-img.uexp" 1248
"C:/Users/asusz/Documents/Unreal Projects/MIMUWSurfers/Content/Assets/Road/M_Road.uasset" 1249
"C:/Users/asusz/Documents/Unreal Projects/MIMUWSurfers/Content/Assets/Road/M_Road.uexp" 1250
"C:/Users/asusz/Documents/Unreal Projects/MIMUWSurfers/Content/Assets/Road/M_Road_Inst.uasset" 1251
"C:/Users/asusz/Documents/Unreal Projects/MIMUWSurfers/Content/Assets/Road/M_Road_Inst.uexp" 1252
"C:/Users/asusz/Documents/Unreal Projects/MIMUWSurfers/Content/Construction_VOL1/Textures/Unique/TX_Roadblock_RMA.ubulk" 1253
"C:/Users/asusz/Documents/Unreal Projects/MIMUWSurfers/Content/Construction_VOL1/Textures/Unique/TX_Roadblock_RMA.uasset" 1254
"C:/Users/asusz/Documents/Unreal Projects/MIMUWSurfers/Content/Construction_VOL1/Textures/Unique/TX_Roadblock_RMA.uexp" 1255
"C:/Users/asusz/Documents/Unreal Projects/MIMUWSurfers/Content/Construction_VOL1/Textures/Unique/TX_Roadblock_NRM.ubulk" 1256
"C:/Users/asusz/Documents/Unreal Projects/MIMUWSurfers/Content/Construction_VOL1/Textures/Unique/TX_Roadblock_NRM.uasset" 1257
"C:/Users/asusz/Documents/Unreal Projects/MIMUWSurfers/Content/Construction_VOL1/Textures/Unique/TX_Roadblock_NRM.uexp" 1258
"C:/Users/asusz/Documents/Unreal Projects/MIMUWSurfers/Content/Construction_VOL1/Textures/Unique/TX_Roadblock_ALB.ubulk" 1259
"C:/Users/asusz/Documents/Unreal Projects/MIMUWSurfers/Content/Construction_VOL1/Textures/Unique/TX_Roadblock_ALB.uasset" 1260
"C:/Users/asusz/Documents/Unreal Projects/MIMUWSurfers/Content/Construction_VOL1/Textures/Unique/TX_Roadblock_ALB.uexp" 1261
"C:/Users/asusz/Documents/Unreal Projects/MIMUWSurfers/Content/Construction_VOL1/Materials/Instances/MI_Roadblock_01a.uasset" 1262
"C:/Users/asusz/Documents/Unreal Projects/MIMUWSurfers/Content/Construction_VOL1/Materials/Instances/MI_Roadblock_01a.uexp" 1263
"C:/Users/asusz/Documents/Unreal Projects/MIMUWSurfers/Content/Assets/Boosters/SM_BoosterX2.ubulk" 1264
"C:/Users/asusz/Documents/Unreal Projects/MIMUWSurfers/Content/Assets/Boosters/SM_BoosterX2.uasset" 1265
"C:/Users/asusz/Documents/Unreal Projects/MIMUWSurfers/Content/Assets/Boosters/SM_BoosterX2.uexp" 1266
"C:/Users/asusz/Documents/Unreal Projects/MIMUWSurfers/Content/Assets/Boosters/SK_JumpBoosterMesh.ubulk" 1267
"C:/Users/asusz/Documents/Unreal Projects/MIMUWSurfers/Content/Assets/Boosters/SK_JumpBoosterMesh.uasset" 1268
"C:/Users/asusz/Documents/Unreal Projects/MIMUWSurfers/Content/Assets/Boosters/SK_JumpBoosterMesh.uexp" 1269
"C:/Users/asusz/Documents/Unreal Projects/MIMUWSurfers/Content/Blueprints/Boosters/BP_BoosterPickup.uasset" 1270
"C:/Users/asusz/Documents/Unreal Projects/MIMUWSurfers/Content/Blueprints/Boosters/BP_BoosterPickup.uexp" 1271
"C:/Users/asusz/Documents/Unreal Projects/MIMUWSurfers/Content/Blueprints/Levels/BP_Level1.uasset" 1272
"C:/Users/asusz/Documents/Unreal Projects/MIMUWSurfers/Content/Blueprints/Levels/BP_Level1.uexp" 1273
"C:/Users/asusz/Documents/Unreal Projects/MIMUWSurfers/Content/Music/Hr_coin.ubulk" 1274
"C:/Users/asusz/Documents/Unreal Projects/MIMUWSurfers/Content/Music/Hr_coin.uasset" 1275
"C:/Users/asusz/Documents/Unreal Projects/MIMUWSurfers/Content/Music/Hr_coin.uexp" 1276
"../../../Engine/Plugins/Interchange/Assets/Content/Functions/MF_PhongToMetalRoughness.uasset" 1277
"../../../Engine/Plugins/Interchange/Assets/Content/Functions/MF_PhongToMetalRoughness.uexp" 1278
"C:/Users/asusz/Documents/Unreal Projects/MIMUWSurfers/Content/Assets/Coin/Coin.uasset" 1279
"C:/Users/asusz/Documents/Unreal Projects/MIMUWSurfers/Content/Assets/Coin/Coin.uexp" 1280
"C:/Users/asusz/Documents/Unreal Projects/MIMUWSurfers/Content/Assets/Coin/Coin1.ubulk" 1281
"C:/Users/asusz/Documents/Unreal Projects/MIMUWSurfers/Content/Assets/Coin/Coin1.uasset" 1282
"C:/Users/asusz/Documents/Unreal Projects/MIMUWSurfers/Content/Assets/Coin/Coin1.uexp" 1283
"C:/Users/asusz/Documents/Unreal Projects/MIMUWSurfers/Content/DrapEffet/Texture/T_beam.ubulk" 1284
"C:/Users/asusz/Documents/Unreal Projects/MIMUWSurfers/Content/DrapEffet/Texture/T_beam.uasset" 1285
"C:/Users/asusz/Documents/Unreal Projects/MIMUWSurfers/Content/DrapEffet/Texture/T_beam.uexp" 1286
"C:/Users/asusz/Documents/Unreal Projects/MIMUWSurfers/Content/DrapEffet/Meterials/M_glow.uasset" 1287
"C:/Users/asusz/Documents/Unreal Projects/MIMUWSurfers/Content/DrapEffet/Meterials/M_glow.uexp" 1288
"C:/Users/asusz/Documents/Unreal Projects/MIMUWSurfers/Content/DrapEffet/Meterials/M_down.uasset" 1289
"C:/Users/asusz/Documents/Unreal Projects/MIMUWSurfers/Content/DrapEffet/Meterials/M_down.uexp" 1290
"C:/Users/asusz/Documents/Unreal Projects/MIMUWSurfers/Content/DrapEffet/Texture/T_Bell.ubulk" 1291
"C:/Users/asusz/Documents/Unreal Projects/MIMUWSurfers/Content/DrapEffet/Texture/T_Bell.uasset" 1292
"C:/Users/asusz/Documents/Unreal Projects/MIMUWSurfers/Content/DrapEffet/Texture/T_Bell.uexp" 1293
"C:/Users/asusz/Documents/Unreal Projects/MIMUWSurfers/Content/DrapEffet/Curve/Curve_particale_color.uasset" 1294
"C:/Users/asusz/Documents/Unreal Projects/MIMUWSurfers/Content/DrapEffet/Curve/Curve_particale_color.uexp" 1295
"C:/Users/asusz/Documents/Unreal Projects/MIMUWSurfers/Content/DrapEffet/Curve/Curve_Atlas.uasset" 1296
"C:/Users/asusz/Documents/Unreal Projects/MIMUWSurfers/Content/DrapEffet/Curve/Curve_Atlas.uexp" 1297
"C:/Users/asusz/Documents/Unreal Projects/MIMUWSurfers/Content/DrapEffet/Meterials/M_cell.uasset" 1298
"C:/Users/asusz/Documents/Unreal Projects/MIMUWSurfers/Content/DrapEffet/Meterials/M_cell.uexp" 1299
"C:/Users/asusz/Documents/Unreal Projects/MIMUWSurfers/Content/DrapEffet/Texture/T_normal.ubulk" 1300
"C:/Users/asusz/Documents/Unreal Projects/MIMUWSurfers/Content/DrapEffet/Texture/T_normal.uasset" 1301
"C:/Users/asusz/Documents/Unreal Projects/MIMUWSurfers/Content/DrapEffet/Texture/T_normal.uexp" 1302
"C:/Users/asusz/Documents/Unreal Projects/MIMUWSurfers/Content/DrapEffet/Meterials/M_beam.uasset" 1303
"C:/Users/asusz/Documents/Unreal Projects/MIMUWSurfers/Content/DrapEffet/Meterials/M_beam.uexp" 1304
"C:/Users/asusz/Documents/Unreal Projects/MIMUWSurfers/Content/DrapEffet/Texture/T_star.ubulk" 1305
"C:/Users/asusz/Documents/Unreal Projects/MIMUWSurfers/Content/DrapEffet/Texture/T_star.uasset" 1306
"C:/Users/asusz/Documents/Unreal Projects/MIMUWSurfers/Content/DrapEffet/Texture/T_star.uexp" 1307
"C:/Users/asusz/Documents/Unreal Projects/MIMUWSurfers/Content/DrapEffet/Meterials/M_star.uasset" 1308
"C:/Users/asusz/Documents/Unreal Projects/MIMUWSurfers/Content/DrapEffet/Meterials/M_star.uexp" 1309
"C:/Users/asusz/Documents/Unreal Projects/MIMUWSurfers/Content/DrapEffet/VFX/NE_drop_effcts02.uasset" 1310
"C:/Users/asusz/Documents/Unreal Projects/MIMUWSurfers/Content/DrapEffet/VFX/NE_drop_effcts02.uexp" 1311
"C:/Users/asusz/Documents/Unreal Projects/MIMUWSurfers/Content/Blueprints/Coins/BP_Coin.uasset" 1312
"C:/Users/asusz/Documents/Unreal Projects/MIMUWSurfers/Content/Blueprints/Coins/BP_Coin.uexp" 1313
"C:/Users/asusz/Documents/Unreal Projects/MIMUWSurfers/Content/Blueprints/Levels/BP_LevelBase.uasset" 1314
"C:/Users/asusz/Documents/Unreal Projects/MIMUWSurfers/Content/Blueprints/Levels/BP_LevelBase.uexp" 1315
"../../../Engine/Content/MapTemplates/Materials/BasicAsset01.uasset" 1316
"../../../Engine/Content/MapTemplates/Materials/BasicAsset01.uexp" 1317
"C:/Users/asusz/Documents/Unreal Projects/MIMUWSurfers/Content/Blueprints/Obstacles/BP_Train.uasset" 1318
"C:/Users/asusz/Documents/Unreal Projects/MIMUWSurfers/Content/Blueprints/Obstacles/BP_Train.uexp" 1319
"C:/Users/asusz/Documents/Unreal Projects/MIMUWSurfers/Content/SciFi_Props/Materials/Textures/T_Box_1_B_BaseColor.ubulk" 1320
"C:/Users/asusz/Documents/Unreal Projects/MIMUWSurfers/Content/SciFi_Props/Materials/Textures/T_Box_1_B_BaseColor.uasset" 1321
"C:/Users/asusz/Documents/Unreal Projects/MIMUWSurfers/Content/SciFi_Props/Materials/Textures/T_Box_1_B_BaseColor.uexp" 1322
"C:/Users/asusz/Documents/Unreal Projects/MIMUWSurfers/Content/SciFi_Props/Materials/Textures/T_Box_1_A_Metallic.ubulk" 1323
"C:/Users/asusz/Documents/Unreal Projects/MIMUWSurfers/Content/SciFi_Props/Materials/Textures/T_Box_1_A_Metallic.uasset" 1324
"C:/Users/asusz/Documents/Unreal Projects/MIMUWSurfers/Content/SciFi_Props/Materials/Textures/T_Box_1_A_Metallic.uexp" 1325
"C:/Users/asusz/Documents/Unreal Projects/MIMUWSurfers/Content/SciFi_Props/Materials/Textures/T_Box_8_Metallic.ubulk" 1326
"C:/Users/asusz/Documents/Unreal Projects/MIMUWSurfers/Content/SciFi_Props/Materials/Textures/T_Box_8_Metallic.uasset" 1327
"C:/Users/asusz/Documents/Unreal Projects/MIMUWSurfers/Content/SciFi_Props/Materials/Textures/T_Box_8_Metallic.uexp" 1328
"C:/Users/asusz/Documents/Unreal Projects/MIMUWSurfers/Content/SciFi_Props/Materials/Textures/T_Box_8_Normal.ubulk" 1329
"C:/Users/asusz/Documents/Unreal Projects/MIMUWSurfers/Content/SciFi_Props/Materials/Textures/T_Box_8_Normal.uasset" 1330
"C:/Users/asusz/Documents/Unreal Projects/MIMUWSurfers/Content/SciFi_Props/Materials/Textures/T_Box_8_Normal.uexp" 1331
"C:/Users/asusz/Documents/Unreal Projects/MIMUWSurfers/Content/SciFi_Props/Materials/Textures/T_Box_8_Roughness.ubulk" 1332
"C:/Users/asusz/Documents/Unreal Projects/MIMUWSurfers/Content/SciFi_Props/Materials/Textures/T_Box_8_Roughness.uasset" 1333
"C:/Users/asusz/Documents/Unreal Projects/MIMUWSurfers/Content/SciFi_Props/Materials/Textures/T_Box_8_Roughness.uexp" 1334
"C:/Users/asusz/Documents/Unreal Projects/MIMUWSurfers/Content/SciFi_Props/Materials/M_Master.uasset" 1335
"C:/Users/asusz/Documents/Unreal Projects/MIMUWSurfers/Content/SciFi_Props/Materials/M_Master.uexp" 1336
"C:/Users/asusz/Documents/Unreal Projects/MIMUWSurfers/Content/SciFi_Props/Materials/Textures/T_Box_1_A_Emissive.ubulk" 1337
"C:/Users/asusz/Documents/Unreal Projects/MIMUWSurfers/Content/SciFi_Props/Materials/Textures/T_Box_1_A_Emissive.uasset" 1338
"C:/Users/asusz/Documents/Unreal Projects/MIMUWSurfers/Content/SciFi_Props/Materials/Textures/T_Box_1_A_Emissive.uexp" 1339
"C:/Users/asusz/Documents/Unreal Projects/MIMUWSurfers/Content/SciFi_Props/Materials/Textures/T_Box_1_A_Normal.ubulk" 1340
"C:/Users/asusz/Documents/Unreal Projects/MIMUWSurfers/Content/SciFi_Props/Materials/Textures/T_Box_1_A_Normal.uasset" 1341
"C:/Users/asusz/Documents/Unreal Projects/MIMUWSurfers/Content/SciFi_Props/Materials/Textures/T_Box_1_A_Normal.uexp" 1342
"C:/Users/asusz/Documents/Unreal Projects/MIMUWSurfers/Content/SciFi_Props/Materials/Textures/T_Box_1_A_Roughness.ubulk" 1343
"C:/Users/asusz/Documents/Unreal Projects/MIMUWSurfers/Content/SciFi_Props/Materials/Textures/T_Box_1_A_Roughness.uasset" 1344
"C:/Users/asusz/Documents/Unreal Projects/MIMUWSurfers/Content/SciFi_Props/Materials/Textures/T_Box_1_A_Roughness.uexp" 1345
"C:/Users/asusz/Documents/Unreal Projects/MIMUWSurfers/Content/SciFi_Props/Materials/Textures/T_Box_1_BaseColor.ubulk" 1346
"C:/Users/asusz/Documents/Unreal Projects/MIMUWSurfers/Content/SciFi_Props/Materials/Textures/T_Box_1_BaseColor.uasset" 1347
"C:/Users/asusz/Documents/Unreal Projects/MIMUWSurfers/Content/SciFi_Props/Materials/Textures/T_Box_1_BaseColor.uexp" 1348
"C:/Users/asusz/Documents/Unreal Projects/MIMUWSurfers/Content/SciFi_Props/Materials/MI_Box_1_A.uasset" 1349
"C:/Users/asusz/Documents/Unreal Projects/MIMUWSurfers/Content/SciFi_Props/Materials/MI_Box_1_A.uexp" 1350
"C:/Users/asusz/Documents/Unreal Projects/MIMUWSurfers/Content/SciFi_Props/Materials/Textures/T_Box_1_B_Metallic.ubulk" 1351
"C:/Users/asusz/Documents/Unreal Projects/MIMUWSurfers/Content/SciFi_Props/Materials/Textures/T_Box_1_B_Metallic.uasset" 1352
"C:/Users/asusz/Documents/Unreal Projects/MIMUWSurfers/Content/SciFi_Props/Materials/Textures/T_Box_1_B_Metallic.uexp" 1353
"C:/Users/asusz/Documents/Unreal Projects/MIMUWSurfers/Content/SciFi_Props/Materials/Textures/T_Box_1_B_Normal.ubulk" 1354
"C:/Users/asusz/Documents/Unreal Projects/MIMUWSurfers/Content/SciFi_Props/Materials/Textures/T_Box_1_B_Normal.uasset" 1355
"C:/Users/asusz/Documents/Unreal Projects/MIMUWSurfers/Content/SciFi_Props/Materials/Textures/T_Box_1_B_Normal.uexp" 1356
"C:/Users/asusz/Documents/Unreal Projects/MIMUWSurfers/Content/SciFi_Props/Materials/Textures/T_Box_1_B_Roughness.ubulk" 1357
"C:/Users/asusz/Documents/Unreal Projects/MIMUWSurfers/Content/SciFi_Props/Materials/Textures/T_Box_1_B_Roughness.uasset" 1358
"C:/Users/asusz/Documents/Unreal Projects/MIMUWSurfers/Content/SciFi_Props/Materials/Textures/T_Box_1_B_Roughness.uexp" 1359
"C:/Users/asusz/Documents/Unreal Projects/MIMUWSurfers/Content/SciFi_Props/Materials/M_Master_2.uasset" 1360
"C:/Users/asusz/Documents/Unreal Projects/MIMUWSurfers/Content/SciFi_Props/Materials/M_Master_2.uexp" 1361
"C:/Users/asusz/Documents/Unreal Projects/MIMUWSurfers/Content/SciFi_Props/Materials/MI_Box_1_B.uasset" 1362
"C:/Users/asusz/Documents/Unreal Projects/MIMUWSurfers/Content/SciFi_Props/Materials/MI_Box_1_B.uexp" 1363
"C:/Users/asusz/Documents/Unreal Projects/MIMUWSurfers/Content/Assets/Obstacles/SM_Train_Tex.ubulk" 1364
"C:/Users/asusz/Documents/Unreal Projects/MIMUWSurfers/Content/Assets/Obstacles/SM_Train_Tex.uasset" 1365
"C:/Users/asusz/Documents/Unreal Projects/MIMUWSurfers/Content/Assets/Obstacles/SM_Train_Tex.uexp" 1366
"C:/Users/asusz/Documents/Unreal Projects/MIMUWSurfers/Content/Blueprints/Obstacles/BP_Train_Obstacle.uasset" 1367
"C:/Users/asusz/Documents/Unreal Projects/MIMUWSurfers/Content/Blueprints/Obstacles/BP_Train_Obstacle.uexp" 1368
"C:/Users/asusz/Documents/Unreal Projects/MIMUWSurfers/Content/Blueprints/Levels/BP_Level8.uasset" 1369
"C:/Users/asusz/Documents/Unreal Projects/MIMUWSurfers/Content/Blueprints/Levels/BP_Level8.uexp" 1370
"../../../Engine/Content/MapTemplates/Materials/BasicAsset03.uasset" 1371
"../../../Engine/Content/MapTemplates/Materials/BasicAsset03.uexp" 1372
"C:/Users/asusz/Documents/Unreal Projects/MIMUWSurfers/Content/LevelPrototyping/Textures/T_GridChecker_A.ubulk" 1373
"C:/Users/asusz/Documents/Unreal Projects/MIMUWSurfers/Content/LevelPrototyping/Textures/T_GridChecker_A.uasset" 1374
"C:/Users/asusz/Documents/Unreal Projects/MIMUWSurfers/Content/LevelPrototyping/Textures/T_GridChecker_A.uexp" 1375
"C:/Users/asusz/Documents/Unreal Projects/MIMUWSurfers/Content/LevelPrototyping/Materials/MF_ProcGrid.uasset" 1376
"C:/Users/asusz/Documents/Unreal Projects/MIMUWSurfers/Content/LevelPrototyping/Materials/MF_ProcGrid.uexp" 1377
"C:/Users/asusz/Documents/Unreal Projects/MIMUWSurfers/Content/LevelPrototyping/Materials/M_PrototypeGrid.uasset" 1378
"C:/Users/asusz/Documents/Unreal Projects/MIMUWSurfers/Content/LevelPrototyping/Materials/M_PrototypeGrid.uexp" 1379
"C:/Users/asusz/Documents/Unreal Projects/MIMUWSurfers/Content/LevelPrototyping/Materials/MI_PrototypeGrid_Gray.uasset" 1380
"C:/Users/asusz/Documents/Unreal Projects/MIMUWSurfers/Content/LevelPrototyping/Materials/MI_PrototypeGrid_Gray.uexp" 1381
"C:/Users/asusz/Documents/Unreal Projects/MIMUWSurfers/Content/LevelPrototyping/Meshes/SM_Ramp.ubulk" 1382
"C:/Users/asusz/Documents/Unreal Projects/MIMUWSurfers/Content/LevelPrototyping/Meshes/SM_Ramp.uasset" 1383
"C:/Users/asusz/Documents/Unreal Projects/MIMUWSurfers/Content/LevelPrototyping/Meshes/SM_Ramp.uexp" 1384
"C:/Users/asusz/Documents/Unreal Projects/MIMUWSurfers/Content/Blueprints/Obstacles/BP_TrainWithRamp.uasset" 1385
"C:/Users/asusz/Documents/Unreal Projects/MIMUWSurfers/Content/Blueprints/Obstacles/BP_TrainWithRamp.uexp" 1386
"C:/Users/asusz/Documents/Unreal Projects/MIMUWSurfers/Content/LN3D_Modular_CatWalk/LN3D_Modular_CatWalk_Free/Textures/LN3D_Modular_CatWalk_Normal.ubulk" 1387
"C:/Users/asusz/Documents/Unreal Projects/MIMUWSurfers/Content/LN3D_Modular_CatWalk/LN3D_Modular_CatWalk_Free/Textures/LN3D_Modular_CatWalk_Normal.uasset" 1388
"C:/Users/asusz/Documents/Unreal Projects/MIMUWSurfers/Content/LN3D_Modular_CatWalk/LN3D_Modular_CatWalk_Free/Textures/LN3D_Modular_CatWalk_Normal.uexp" 1389
"C:/Users/asusz/Documents/Unreal Projects/MIMUWSurfers/Content/LN3D_Modular_CatWalk/LN3D_Modular_CatWalk_Free/Textures/LN3D_Modular_CatWalk_HRDPMask.ubulk" 1390
"C:/Users/asusz/Documents/Unreal Projects/MIMUWSurfers/Content/LN3D_Modular_CatWalk/LN3D_Modular_CatWalk_Free/Textures/LN3D_Modular_CatWalk_HRDPMask.uasset" 1391
"C:/Users/asusz/Documents/Unreal Projects/MIMUWSurfers/Content/LN3D_Modular_CatWalk/LN3D_Modular_CatWalk_Free/Textures/LN3D_Modular_CatWalk_HRDPMask.uexp" 1392
"C:/Users/asusz/Documents/Unreal Projects/MIMUWSurfers/Content/LN3D_Modular_CatWalk/LN3D_Modular_CatWalk_Free/Textures/LN3D_Modular_CatWalk_Albedo_Orange_Wear.ubulk" 1393
"C:/Users/asusz/Documents/Unreal Projects/MIMUWSurfers/Content/LN3D_Modular_CatWalk/LN3D_Modular_CatWalk_Free/Textures/LN3D_Modular_CatWalk_Albedo_Orange_Wear.uasset" 1394
"C:/Users/asusz/Documents/Unreal Projects/MIMUWSurfers/Content/LN3D_Modular_CatWalk/LN3D_Modular_CatWalk_Free/Textures/LN3D_Modular_CatWalk_Albedo_Orange_Wear.uexp" 1395
"C:/Users/asusz/Documents/Unreal Projects/MIMUWSurfers/Content/LN3D_Modular_CatWalk/LN3D_Modular_CatWalk_Free/Materials/LN3D_Modular_CatWalk_HDRP_Orange_Wear.uasset" 1396
"C:/Users/asusz/Documents/Unreal Projects/MIMUWSurfers/Content/LN3D_Modular_CatWalk/LN3D_Modular_CatWalk_Free/Materials/LN3D_Modular_CatWalk_HDRP_Orange_Wear.uexp" 1397
"C:/Users/asusz/Documents/Unreal Projects/MIMUWSurfers/Content/Assets/Obstacles/SM_stairs.ubulk" 1398
"C:/Users/asusz/Documents/Unreal Projects/MIMUWSurfers/Content/Assets/Obstacles/SM_stairs.uasset" 1399
"C:/Users/asusz/Documents/Unreal Projects/MIMUWSurfers/Content/Assets/Obstacles/SM_stairs.uexp" 1400
"C:/Users/asusz/Documents/Unreal Projects/MIMUWSurfers/Content/Blueprints/Obstacles/BP_RampTrain_Obstacle.uasset" 1401
"C:/Users/asusz/Documents/Unreal Projects/MIMUWSurfers/Content/Blueprints/Obstacles/BP_RampTrain_Obstacle.uexp" 1402
"C:/Users/asusz/Documents/Unreal Projects/MIMUWSurfers/Content/Assets/Obstacles/SM_Roadblock_Tex2.ubulk" 1403
"C:/Users/asusz/Documents/Unreal Projects/MIMUWSurfers/Content/Assets/Obstacles/SM_Roadblock_Tex2.uasset" 1404
"C:/Users/asusz/Documents/Unreal Projects/MIMUWSurfers/Content/Assets/Obstacles/SM_Roadblock_Tex2.uexp" 1405
"C:/Users/asusz/Documents/Unreal Projects/MIMUWSurfers/Content/Blueprints/Obstacles/BP_Obstacle4.uasset" 1406
"C:/Users/asusz/Documents/Unreal Projects/MIMUWSurfers/Content/Blueprints/Obstacles/BP_Obstacle4.uexp" 1407
"C:/Users/asusz/Documents/Unreal Projects/MIMUWSurfers/Content/Blueprints/Levels/BP_Level10.uasset" 1408
"C:/Users/asusz/Documents/Unreal Projects/MIMUWSurfers/Content/Blueprints/Levels/BP_Level10.uexp" 1409
"C:/Users/asusz/Documents/Unreal Projects/MIMUWSurfers/Content/Blueprints/Levels/BP_Level11.uasset" 1410
"C:/Users/asusz/Documents/Unreal Projects/MIMUWSurfers/Content/Blueprints/Levels/BP_Level11.uexp" 1411
"C:/Users/asusz/Documents/Unreal Projects/MIMUWSurfers/Content/Assets/Obstacles/SM_Roadblock_tex_4.ubulk" 1412
"C:/Users/asusz/Documents/Unreal Projects/MIMUWSurfers/Content/Assets/Obstacles/SM_Roadblock_tex_4.uasset" 1413
"C:/Users/asusz/Documents/Unreal Projects/MIMUWSurfers/Content/Assets/Obstacles/SM_Roadblock_tex_4.uexp" 1414
"C:/Users/asusz/Documents/Unreal Projects/MIMUWSurfers/Content/Blueprints/Obstacles/BP_Obstacle2.uasset" 1415
"C:/Users/asusz/Documents/Unreal Projects/MIMUWSurfers/Content/Blueprints/Obstacles/BP_Obstacle2.uexp" 1416
"C:/Users/asusz/Documents/Unreal Projects/MIMUWSurfers/Content/Blueprints/Levels/BP_Level12.uasset" 1417
"C:/Users/asusz/Documents/Unreal Projects/MIMUWSurfers/Content/Blueprints/Levels/BP_Level12.uexp" 1418
"C:/Users/asusz/Documents/Unreal Projects/MIMUWSurfers/Content/Blueprints/Levels/BP_Level13.uasset" 1419
"C:/Users/asusz/Documents/Unreal Projects/MIMUWSurfers/Content/Blueprints/Levels/BP_Level13.uexp" 1420
"C:/Users/asusz/Documents/Unreal Projects/MIMUWSurfers/Content/Assets/Obstacles/SM_Roadblock_Tex_1.ubulk" 1421
"C:/Users/asusz/Documents/Unreal Projects/MIMUWSurfers/Content/Assets/Obstacles/SM_Roadblock_Tex_1.uasset" 1422
"C:/Users/asusz/Documents/Unreal Projects/MIMUWSurfers/Content/Assets/Obstacles/SM_Roadblock_Tex_1.uexp" 1423
"C:/Users/asusz/Documents/Unreal Projects/MIMUWSurfers/Content/SciFi_Props/Materials/Textures/T_Box_5_BaseColor.ubulk" 1424
"C:/Users/asusz/Documents/Unreal Projects/MIMUWSurfers/Content/SciFi_Props/Materials/Textures/T_Box_5_BaseColor.uasset" 1425
"C:/Users/asusz/Documents/Unreal Projects/MIMUWSurfers/Content/SciFi_Props/Materials/Textures/T_Box_5_BaseColor.uexp" 1426
"C:/Users/asusz/Documents/Unreal Projects/MIMUWSurfers/Content/SciFi_Props/Materials/Textures/T_Box_5_Emissive.ubulk" 1427
"C:/Users/asusz/Documents/Unreal Projects/MIMUWSurfers/Content/SciFi_Props/Materials/Textures/T_Box_5_Emissive.uasset" 1428
"C:/Users/asusz/Documents/Unreal Projects/MIMUWSurfers/Content/SciFi_Props/Materials/Textures/T_Box_5_Emissive.uexp" 1429
"C:/Users/asusz/Documents/Unreal Projects/MIMUWSurfers/Content/SciFi_Props/Materials/Textures/T_Box_5_Metallic.ubulk" 1430
"C:/Users/asusz/Documents/Unreal Projects/MIMUWSurfers/Content/SciFi_Props/Materials/Textures/T_Box_5_Metallic.uasset" 1431
"C:/Users/asusz/Documents/Unreal Projects/MIMUWSurfers/Content/SciFi_Props/Materials/Textures/T_Box_5_Metallic.uexp" 1432
"C:/Users/asusz/Documents/Unreal Projects/MIMUWSurfers/Content/SciFi_Props/Materials/Textures/T_Box_5_Normal.ubulk" 1433
"C:/Users/asusz/Documents/Unreal Projects/MIMUWSurfers/Content/SciFi_Props/Materials/Textures/T_Box_5_Normal.uasset" 1434
"C:/Users/asusz/Documents/Unreal Projects/MIMUWSurfers/Content/SciFi_Props/Materials/Textures/T_Box_5_Normal.uexp" 1435
"C:/Users/asusz/Documents/Unreal Projects/MIMUWSurfers/Content/SciFi_Props/Materials/Textures/T_Box_5_Roughness.ubulk" 1436
"C:/Users/asusz/Documents/Unreal Projects/MIMUWSurfers/Content/SciFi_Props/Materials/Textures/T_Box_5_Roughness.uasset" 1437
"C:/Users/asusz/Documents/Unreal Projects/MIMUWSurfers/Content/SciFi_Props/Materials/Textures/T_Box_5_Roughness.uexp" 1438
"C:/Users/asusz/Documents/Unreal Projects/MIMUWSurfers/Content/SciFi_Props/Materials/MI_Box_5.uasset" 1439
"C:/Users/asusz/Documents/Unreal Projects/MIMUWSurfers/Content/SciFi_Props/Materials/MI_Box_5.uexp" 1440
"C:/Users/asusz/Documents/Unreal Projects/MIMUWSurfers/Content/Assets/Obstacles/SM_Obstacle_Air.ubulk" 1441
"C:/Users/asusz/Documents/Unreal Projects/MIMUWSurfers/Content/Assets/Obstacles/SM_Obstacle_Air.uasset" 1442
"C:/Users/asusz/Documents/Unreal Projects/MIMUWSurfers/Content/Assets/Obstacles/SM_Obstacle_Air.uexp" 1443
"C:/Users/asusz/Documents/Unreal Projects/MIMUWSurfers/Content/Blueprints/Obstacles/BP_Obstacle_Air.uasset" 1444
"C:/Users/asusz/Documents/Unreal Projects/MIMUWSurfers/Content/Blueprints/Obstacles/BP_Obstacle_Air.uexp" 1445
"C:/Users/asusz/Documents/Unreal Projects/MIMUWSurfers/Content/Blueprints/Levels/BP_Level14.uasset" 1446
"C:/Users/asusz/Documents/Unreal Projects/MIMUWSurfers/Content/Blueprints/Levels/BP_Level14.uexp" 1447
"C:/Users/asusz/Documents/Unreal Projects/MIMUWSurfers/Content/Blueprints/Levels/BP_Level2.uasset" 1448
"C:/Users/asusz/Documents/Unreal Projects/MIMUWSurfers/Content/Blueprints/Levels/BP_Level2.uexp" 1449
"C:/Users/asusz/Documents/Unreal Projects/MIMUWSurfers/Content/Blueprints/Obstacles/BP_Obstacle3.uasset" 1450
"C:/Users/asusz/Documents/Unreal Projects/MIMUWSurfers/Content/Blueprints/Obstacles/BP_Obstacle3.uexp" 1451
"C:/Users/asusz/Documents/Unreal Projects/MIMUWSurfers/Content/Blueprints/Levels/BP_Level3.uasset" 1452
"C:/Users/asusz/Documents/Unreal Projects/MIMUWSurfers/Content/Blueprints/Levels/BP_Level3.uexp" 1453
"C:/Users/asusz/Documents/Unreal Projects/MIMUWSurfers/Content/Blueprints/Levels/BP_Level4.uasset" 1454
"C:/Users/asusz/Documents/Unreal Projects/MIMUWSurfers/Content/Blueprints/Levels/BP_Level4.uexp" 1455
"C:/Users/asusz/Documents/Unreal Projects/MIMUWSurfers/Content/Assets/Obstacles/SM_Roadblock_Tex3.ubulk" 1456
"C:/Users/asusz/Documents/Unreal Projects/MIMUWSurfers/Content/Assets/Obstacles/SM_Roadblock_Tex3.uasset" 1457
"C:/Users/asusz/Documents/Unreal Projects/MIMUWSurfers/Content/Assets/Obstacles/SM_Roadblock_Tex3.uexp" 1458
"C:/Users/asusz/Documents/Unreal Projects/MIMUWSurfers/Content/Blueprints/Obstacles/BP_Obstacle5.uasset" 1459
"C:/Users/asusz/Documents/Unreal Projects/MIMUWSurfers/Content/Blueprints/Obstacles/BP_Obstacle5.uexp" 1460
"C:/Users/asusz/Documents/Unreal Projects/MIMUWSurfers/Content/Blueprints/Levels/BP_Level5.uasset" 1461
"C:/Users/asusz/Documents/Unreal Projects/MIMUWSurfers/Content/Blueprints/Levels/BP_Level5.uexp" 1462
"C:/Users/asusz/Documents/Unreal Projects/MIMUWSurfers/Content/Blueprints/Levels/BP_Level6.uasset" 1463
"C:/Users/asusz/Documents/Unreal Projects/MIMUWSurfers/Content/Blueprints/Levels/BP_Level6.uexp" 1464
"C:/Users/asusz/Documents/Unreal Projects/MIMUWSurfers/Content/Blueprints/Levels/BP_Level67.uasset" 1465
"C:/Users/asusz/Documents/Unreal Projects/MIMUWSurfers/Content/Blueprints/Levels/BP_Level67.uexp" 1466
"C:/Users/asusz/Documents/Unreal Projects/MIMUWSurfers/Content/Blueprints/Levels/BP_Level68.uasset" 1467
"C:/Users/asusz/Documents/Unreal Projects/MIMUWSurfers/Content/Blueprints/Levels/BP_Level68.uexp" 1468
"C:/Users/asusz/Documents/Unreal Projects/MIMUWSurfers/Content/Blueprints/Levels/BP_Level7.uasset" 1469
"C:/Users/asusz/Documents/Unreal Projects/MIMUWSurfers/Content/Blueprints/Levels/BP_Level7.uexp" 1470
"C:/Users/asusz/Documents/Unreal Projects/MIMUWSurfers/Content/Blueprints/Levels/BP_Level9.uasset" 1471
"C:/Users/asusz/Documents/Unreal Projects/MIMUWSurfers/Content/Blueprints/Levels/BP_Level9.uexp" 1472
"C:/Users/asusz/Documents/Unreal Projects/MIMUWSurfers/Content/Blueprints/BP_LevelSpawnerLevelList.uasset" 1473
"C:/Users/asusz/Documents/Unreal Projects/MIMUWSurfers/Content/Blueprints/BP_LevelSpawnerLevelList.uexp" 1474
"C:/Users/asusz/Documents/Unreal Projects/MIMUWSurfers/Content/Maps/Map.uexp" 1475
"C:/Users/asusz/Documents/Unreal Projects/MIMUWSurfers/Content/Maps/Map.umap" 1476
"C:/Users/asusz/Documents/Unreal Projects/MIMUWSurfers/Content/Blueprints/BP_GM_MainMenu.uasset" 1477
"C:/Users/asusz/Documents/Unreal Projects/MIMUWSurfers/Content/Blueprints/BP_GM_MainMenu.uexp" 1478
"C:/Users/asusz/Documents/Unreal Projects/MIMUWSurfers/Content/Levels/MainMenu.uexp" 1479
"C:/Users/asusz/Documents/Unreal Projects/MIMUWSurfers/Content/Levels/MainMenu.umap" 1480
